original_row_index,Plasmid accession,Plasmid name,strain name,Gene,tblastn_pident,blastn_pident,delta_pident,tblastn_qcovs,blastn_qcovs,delta_qcovs,abs_delta_pident,abs_delta_qcovs
331,CP032742.1,pC25,C25,ABUW_4094,57.391,98.521,41.13,100,100,0,41.13,0
828,CP099791.1,p1NCCP15996*,NCCP 15996,ABUW_4094,82.558,99.703,17.145,100,100,0,17.145,0
589,CP082226.1,p2016BJAB1,2016BJAB1,ABUW_4007,92,98.219,6.219,100,100,0,6.219,0
758,CP096763.1,p5651,5651,ABUW_4005,95.283,99.238,3.955,100,100,0,3.955,0
1,MK531538.1,pMC23.1,MC23,ABUW_4006,98.413,99.213,0.8,100,100,0,0.8,0
15,AP023078.1,pOCU_Ac16a_1,OCU_Ac16a,ABUW_4006,98.413,99.213,0.8,100,100,0,0.8,0
81,CP007580.1,pAC30c,AC30,ABUW_4006,98.413,99.213,0.8,100,100,0,0.8,0
100,CP001922.1,ABKp1,1656-2,ABUW_4006,98.413,99.213,0.8,100,100,0,0.8,0
104,CP002524.1,p2ABTCDC0715,TCDC-AB0715,ABUW_4006,98.413,99.213,0.8,100,100,0,0.8,0
116,CP008851.1,pAC29b,AC29,ABUW_4006,98.413,99.213,0.8,100,100,0,0.8,0
147,CP012008.1,pAB04-2,Ab04-mff,ABUW_4006,98.413,99.213,0.8,100,100,0,0.8,0
196,CP017645.1,pKAB02,KAB02,ABUW_4006,98.413,99.213,0.8,100,100,0,0.8,0
198,CP017649.1,pKAB04,KAB04,ABUW_4006,98.413,99.213,0.8,100,100,0,0.8,0
199,CP017651.1,pKAB05,KAB05,ABUW_4006,98.413,99.213,0.8,100,100,0,0.8,0
200,CP017653.1,pKAB06,KAB06,ABUW_4006,98.413,99.213,0.8,100,100,0,0.8,0
201,CP017655.1,pKAB07,KAB07,ABUW_4006,98.413,99.213,0.8,100,100,0,0.8,0
202,CP017657.1,pKAB08,KAB08,ABUW_4006,98.413,99.213,0.8,100,100,0,0.8,0
213,CP019115.1,pMDR-CQ,MDR-CQ,ABUW_4006,98.413,99.213,0.8,100,100,0,0.8,0
218,CP020589.1,p15A34_1,15A34,ABUW_4006,98.413,99.213,0.8,100,100,0,0.8,0
221,CP020582.1,pJBA13_1,JBA13,ABUW_4006,98.413,99.213,0.8,100,100,0,0.8,0
222,CP020580.1,pSSMA17_1,SSMA17,ABUW_4006,98.413,99.213,0.8,100,100,0,0.8,0
224,CP020577.1,pSSA12_1,SSA12,ABUW_4006,98.413,99.213,0.8,100,100,0,0.8,0
231,CP021787.1,pA85-3,A85,ABUW_4006,98.413,99.213,0.8,100,100,0,0.8,0
232,CP021322.1,pXH731,XH731,ABUW_4006,98.413,99.213,0.8,100,100,0,0.8,0
267,CP024578.1,pAbPK1b,AbPK1,ABUW_4006,98.413,99.213,0.8,100,100,0,0.8,0
343,CP039994.1,pTG22182_1,TG22182,ABUW_4006,98.413,99.213,0.8,100,100,0,0.8,0
349,CP036286.1,p60155_3,TG60155,ABUW_4006,98.413,99.213,0.8,100,100,0,0.8,0
357,CP038264.1,pEC_gr6,LEV1449/17Ec,ABUW_4006,98.413,99.213,0.8,100,100,0,0.8,0
380,CP040043.1,p3VB958,VB958,ABUW_4006,98.413,99.213,0.8,100,100,0,0.8,0
485,MG954379.1,pS32-2,SGH0905,ABUW_4006,98.413,99.213,0.8,100,100,0,0.8,0
487,MG954377.1,pS21-2,SGH9601,ABUW_4006,98.413,99.213,0.8,100,100,0,0.8,0
503,CP050917.1,p2DT-Ab003,DT-Ab003,ABUW_4006,98.413,99.213,0.8,100,100,0,0.8,0
505,CP050915.1,pDT-Ab007,DT-Ab007,ABUW_4006,98.413,99.213,0.8,100,100,0,0.8,0
506,CP050912.1,p2DT-Ab020,DT-Ab020,ABUW_4006,98.413,99.213,0.8,100,100,0,0.8,0
509,CP050909.1,p2DT-Ab022,DT-Ab022,ABUW_4006,98.413,99.213,0.8,100,100,0,0.8,0
632,CP062921.1,p3Res13-Abat,Res13-Abat-PEA21-P4-01-A,ABUW_4006,98.413,99.213,0.8,100,100,0,0.8,0
639,CP069841.1,p2FDAARGOS_1360,FDAARGOS_1360,ABUW_4006,98.413,99.213,0.8,100,100,0,0.8,0
644,CP066238.1,pG20AB007-1,G20AB007,ABUW_4006,98.413,99.213,0.8,100,100,0,0.8,0
647,CP066236.1,pG20AB009-1,G20AB009,ABUW_4006,98.413,99.213,0.8,100,100,0,0.8,0
648,CP066233.1,pG20AB010-1,G20AB010,ABUW_4006,98.413,99.213,0.8,100,100,0,0.8,0
650,CP066230.1,pG20AB011-1,G20AB011,ABUW_4006,98.413,99.213,0.8,100,100,0,0.8,0
699,CP076818.1,p1UC24137,UC24137,ABUW_4006,98.413,99.213,0.8,100,100,0,0.8,0
709,CP076805.1,p1UC24371,UC24371,ABUW_4006,98.413,99.213,0.8,100,100,0,0.8,0
711,CP076802.1,p1UC25604,UC25604,ABUW_4006,98.413,99.213,0.8,100,100,0,0.8,0
717,CP077838.1,pDETAB7a,DETAB-E159,ABUW_4006,98.413,99.213,0.8,100,100,0,0.8,0
722,CP077847.1,pDETAB8,DETAB-P24,ABUW_4006,98.413,99.213,0.8,100,100,0,0.8,0
724,CP077833.1,pDETAB7d,DETAB-P43,ABUW_4006,98.413,99.213,0.8,100,100,0,0.8,0
726,CP077836.1,pDETAB7b,DETAB-P65,ABUW_4006,98.413,99.213,0.8,100,100,0,0.8,0
739,CP084735.1,pHKU3b,HKU3,ABUW_4006,98.413,99.213,0.8,100,100,0,0.8,0
741,CP084732.1,pHKU4b,HKU4,ABUW_4006,98.413,99.213,0.8,100,100,0,0.8,0
743,CP084729.1,pHKU5b,HKU5,ABUW_4006,98.413,99.213,0.8,100,100,0,0.8,0
745,CP084726.1,pHKU6b,HKU6,ABUW_4006,98.413,99.213,0.8,100,100,0,0.8,0
747,CP084723.1,pHKU7b,HKU7,ABUW_4006,98.413,99.213,0.8,100,100,0,0.8,0
758,CP096763.1,p5651,5651,ABUW_4006,98.413,99.213,0.8,100,100,0,0.8,0
762,CP096756.1,p5663,5663,ABUW_4006,98.413,99.213,0.8,100,100,0,0.8,0
763,CP096754.1,p5664,5664,ABUW_4006,98.413,99.213,0.8,100,100,0,0.8,0
770,CP096744.1,p5671_2,5671,ABUW_4006,98.413,99.213,0.8,100,100,0,0.8,0
792,CP096706.1,p5761,5761,ABUW_4006,98.413,99.213,0.8,100,100,0,0.8,0
799,CP096691.1,p5839,5839,ABUW_4006,98.413,99.213,0.8,100,100,0,0.8,0
812,CP094285.1,pNY5301-2,NY5301,ABUW_4006,98.413,99.213,0.8,100,100,0,0.8,0
826,CP099787.1,pNCCP15992,NCCP 15992,ABUW_4006,98.413,99.213,0.8,100,100,0,0.8,0
832,CP100306.1,p1KBN10P05679,KBN10P05679,ABUW_4006,98.413,99.213,0.8,100,100,0,0.8,0
202,CP017657.1,pKAB08,KAB08,ABUW_4005,100,99.238,-0.762,100,100,0,0.762,0
66,AFDB02000004.1,pNaval81-67,Naval-81,ABUW_4094,99.099,99.702,0.603,100,100,0,0.603,0
73,ALII01000020.1,pIS123-67,IS-123,ABUW_4094,99.099,99.702,0.603,100,100,0,0.603,0
76,AFDL01000006.1,pOIFC143-70,OIFC143,ABUW_4094,99.099,99.702,0.603,100,100,0,0.603,0
273,CM009084.2,p2ZQ9,ZQ1,ABUW_4094,99.099,99.702,0.603,100,100,0,0.603,0
281,CM009650.1,p4ZQ3,ZQ3,ABUW_4094,99.099,99.702,0.603,100,100,0,0.603,0
318,CP029571.1,pDA33098-71,DA33098,ABUW_4094,99.099,99.702,0.603,100,100,0,0.603,0
419,CP061516.1,pCFSAN093710_2,CFSAN093710,ABUW_4094,99.099,99.702,0.603,100,100,0,0.603,0
420,CP042842.1,pATCCBAA-1790,ATCC BAA-1790,ABUW_4094,99.099,99.702,0.603,100,100,0,0.603,0
461,KR535992.1,pA105-1,A105,ABUW_4094,99.099,99.702,0.603,100,100,0,0.603,0
469,KX230794.1,pMAL-2,MAL,ABUW_4094,99.099,99.702,0.603,100,100,0,0.603,0
517,CP050392.1,pVB11737_1,VB11737,ABUW_4094,99.099,99.702,0.603,100,100,0,0.603,0
538,CP050413.1,pPM192696_1,PM192696,ABUW_4094,99.099,99.702,0.603,100,100,0,0.603,0
656,CP072124.1,p2KSK1,KSK1,ABUW_4094,99.099,99.702,0.603,100,100,0,0.603,0
660,CP072400.1,p2KSK2,KSK2,ABUW_4094,99.099,99.702,0.603,100,100,0,0.603,0
664,CP072272.1,p2KSK6,KSK6,ABUW_4094,99.099,99.702,0.603,100,100,0,0.603,0
668,CP072277.1,p2KSK7,KSK7,ABUW_4094,99.099,99.702,0.603,100,100,0,0.603,0
672,CP072282.1,p2KSK10,KSK10,ABUW_4094,99.099,99.702,0.603,100,100,0,0.603,0
676,CP072287.1,p2KSK11,KSK11,ABUW_4094,99.099,99.702,0.603,100,100,0,0.603,0
680,CP072292.1,p2KSK18,KSK18,ABUW_4094,99.099,99.702,0.603,100,100,0,0.603,0
684,CP072297.1,p2KSK19,KSK19,ABUW_4094,99.099,99.702,0.603,100,100,0,0.603,0
688,CP072302.1,p2KSK20,KSK20,ABUW_4094,99.099,99.702,0.603,100,100,0,0.603,0
699,CP076818.1,p1UC24137,UC24137,ABUW_4094,99.099,99.702,0.603,100,100,0,0.603,0
709,CP076805.1,p1UC24371,UC24371,ABUW_4094,99.099,99.702,0.603,100,100,0,0.603,0
711,CP076802.1,p1UC25604,UC25604,ABUW_4094,99.099,99.702,0.603,100,100,0,0.603,0
807,CP091595.1,pR32_2,Nord4-2,ABUW_4094,99.099,99.702,0.603,100,100,0,0.603,0
81,CP007580.1,pAC30c,AC30,ABUW_4005,100,99.429,-0.571,100,100,0,0.571,0
100,CP001922.1,ABKp1,1656-2,ABUW_4005,100,99.429,-0.571,100,100,0,0.571,0
104,CP002524.1,p2ABTCDC0715,TCDC-AB0715,ABUW_4005,100,99.429,-0.571,100,100,0,0.571,0
116,CP008851.1,pAC29b,AC29,ABUW_4005,100,99.429,-0.571,100,100,0,0.571,0
196,CP017645.1,pKAB02,KAB02,ABUW_4005,100,99.429,-0.571,100,100,0,0.571,0
198,CP017649.1,pKAB04,KAB04,ABUW_4005,100,99.429,-0.571,100,100,0,0.571,0
201,CP017655.1,pKAB07,KAB07,ABUW_4005,100,99.429,-0.571,100,100,0,0.571,0
218,CP020589.1,p15A34_1,15A34,ABUW_4005,100,99.429,-0.571,100,100,0,0.571,0
221,CP020582.1,pJBA13_1,JBA13,ABUW_4005,100,99.429,-0.571,100,100,0,0.571,0
222,CP020580.1,pSSMA17_1,SSMA17,ABUW_4005,100,99.429,-0.571,100,100,0,0.571,0
224,CP020577.1,pSSA12_1,SSA12,ABUW_4005,100,99.429,-0.571,100,100,0,0.571,0
231,CP021787.1,pA85-3,A85,ABUW_4005,100,99.429,-0.571,100,100,0,0.571,0
232,CP021322.1,pXH731,XH731,ABUW_4005,100,99.429,-0.571,100,100,0,0.571,0
485,MG954379.1,pS32-2,SGH0905,ABUW_4005,100,99.429,-0.571,100,100,0,0.571,0
505,CP050915.1,pDT-Ab007,DT-Ab007,ABUW_4005,100,99.429,-0.571,100,100,0,0.571,0
589,CP082226.1,p2016BJAB1,2016BJAB1,ABUW_4005,100,99.429,-0.571,100,100,0,0.571,0
644,CP066238.1,pG20AB007-1,G20AB007,ABUW_4005,100,99.429,-0.571,100,100,0,0.571,0
647,CP066236.1,pG20AB009-1,G20AB009,ABUW_4005,100,99.429,-0.571,100,100,0,0.571,0
648,CP066233.1,pG20AB010-1,G20AB010,ABUW_4005,100,99.429,-0.571,100,100,0,0.571,0
650,CP066230.1,pG20AB011-1,G20AB011,ABUW_4005,100,99.429,-0.571,100,100,0,0.571,0
717,CP077838.1,pDETAB7a,DETAB-E159,ABUW_4005,100,99.429,-0.571,100,100,0,0.571,0
724,CP077833.1,pDETAB7d,DETAB-P43,ABUW_4005,100,99.429,-0.571,100,100,0,0.571,0
726,CP077836.1,pDETAB7b,DETAB-P65,ABUW_4005,100,99.429,-0.571,100,100,0,0.571,0
739,CP084735.1,pHKU3b,HKU3,ABUW_4005,100,99.429,-0.571,100,100,0,0.571,0
741,CP084732.1,pHKU4b,HKU4,ABUW_4005,100,99.429,-0.571,100,100,0,0.571,0
743,CP084729.1,pHKU5b,HKU5,ABUW_4005,100,99.429,-0.571,100,100,0,0.571,0
745,CP084726.1,pHKU6b,HKU6,ABUW_4005,100,99.429,-0.571,100,100,0,0.571,0
747,CP084723.1,pHKU7b,HKU7,ABUW_4005,100,99.429,-0.571,100,100,0,0.571,0
770,CP096744.1,p5671_2,5671,ABUW_4005,100,99.429,-0.571,100,100,0,0.571,0
792,CP096706.1,p5761,5761,ABUW_4005,100,99.429,-0.571,100,100,0,0.571,0
799,CP096691.1,p5839,5839,ABUW_4005,100,99.429,-0.571,100,100,0,0.571,0
826,CP099787.1,pNCCP15992,NCCP 15992,ABUW_4005,100,99.429,-0.571,100,100,0,0.571,0
832,CP100306.1,p1KBN10P05679,KBN10P05679,ABUW_4005,100,99.429,-0.571,100,100,0,0.571,0
181,CP014216.1,p2YU-R612,YU-R612,ABUW_4006,98.413,98.95,0.537,100,100,0,0.537,0
217,CP020593.1,pUSA2_1,USA2,ABUW_4006,98.413,98.95,0.537,100,100,0,0.537,0
225,CP020573.1,p15A5_1,15A5,ABUW_4006,98.413,98.95,0.537,100,100,0,0.537,0
274,CP025267.1,pSMC_AB_BL01_1,SMC_Paed_Ab_BL01,ABUW_4006,98.413,98.95,0.537,100,100,0,0.537,0
497,MK386681.1,pABAY09008_1B,ABAY09008,ABUW_4006,98.413,98.95,0.537,100,100,0,0.537,0
586,CP082228.1,p2018HLJAB2,2018HLJAB2,ABUW_4006,98.413,98.95,0.537,100,100,0,0.537,0
588,CP082895.1,p2018HBAB1-2,2018HBAB1,ABUW_4006,98.413,98.95,0.537,100,100,0,0.537,0
589,CP082226.1,p2016BJAB1,2016BJAB1,ABUW_4006,98.413,98.95,0.537,100,100,0,0.537,0
595,CP082221.1,p2018TJAB1,2018TJAB1,ABUW_4006,98.413,98.95,0.537,100,100,0,0.537,0
596,CP082220.1,p2018BJAB1,2018BJAB1,ABUW_4006,98.413,98.95,0.537,100,100,0,0.537,0
597,CP082219.1,p2018BJAB2,2018BJAB2,ABUW_4006,98.413,98.95,0.537,100,100,0,0.537,0
772,CP096739.1,p5679,5679,ABUW_4006,98.413,98.95,0.537,100,100,0,0.537,0
800,CP096689.1,p5840,5840,ABUW_4006,98.413,98.95,0.537,100,100,0,0.537,0
825,CP099785.1,pNCCP15989*,NCCP 15989,ABUW_4006,98.413,98.95,0.537,100,100,0,0.537,0
45,HG977523.1,pCS01A,CS01,ABUW_4006,99.206,99.738,0.532,100,100,0,0.532,0
47,HG977527.1,pCR17A,CR17,ABUW_4006,99.206,99.738,0.532,100,100,0,0.532,0
66,AFDB02000004.1,pNaval81-67,Naval-81,ABUW_4006,99.206,99.738,0.532,100,100,0,0.532,0
73,ALII01000020.1,pIS123-67,IS-123,ABUW_4006,99.206,99.738,0.532,100,100,0,0.532,0
76,AFDL01000006.1,pOIFC143-70,OIFC143,ABUW_4006,99.206,99.738,0.532,100,100,0,0.532,0
84,AEOY01000095.1,p1ABST2,3990,ABUW_4006,99.206,99.738,0.532,100,100,0,0.532,0
99,CP000865.1,pACICU2,ACICU,ABUW_4006,99.206,99.738,0.532,100,100,0,0.532,0
183,CP014292.1,p2AB34299,AB34299,ABUW_4006,99.206,99.738,0.532,100,100,0,0.532,0
186,CP015366.1,pAba3207b,3207,ABUW_4006,99.206,99.738,0.532,100,100,0,0.532,0
240,CP023033.1,pAba7847b,7847,ABUW_4006,99.206,99.738,0.532,100,100,0,0.532,0
249,CP023030.1,pAba9102a,9102,ABUW_4006,99.206,99.738,0.532,100,100,0,0.532,0
251,CP023028.1,pAba10042b,10042,ABUW_4006,99.206,99.738,0.532,100,100,0,0.532,0
253,CP033245.1,pAba7835b,7835,ABUW_4006,99.206,99.738,0.532,100,100,0,0.532,0
273,CM009084.2,p2ZQ9,ZQ1,ABUW_4006,99.206,99.738,0.532,100,100,0,0.532,0
318,CP029571.1,pDA33098-71,DA33098,ABUW_4006,99.206,99.738,0.532,100,100,0,0.532,0
322,CP031382.1,pACICU2,ACICU,ABUW_4006,99.206,99.738,0.532,100,100,0,0.532,0
325,CP030109.1,pDA33382-85,DA33382,ABUW_4006,99.206,99.738,0.532,100,100,0,0.532,0
419,CP061516.1,pCFSAN093710_2,CFSAN093710,ABUW_4006,99.206,99.738,0.532,100,100,0,0.532,0
420,CP042842.1,pATCCBAA-1790,ATCC BAA-1790,ABUW_4006,99.206,99.738,0.532,100,100,0,0.532,0
439,CP048134.1,pD46-3,D46,ABUW_4006,99.206,99.738,0.532,100,100,0,0.532,0
459,KM051846.1,pD72-2,D72,ABUW_4006,99.206,99.738,0.532,100,100,0,0.532,0
461,KR535992.1,pA105-1,A105,ABUW_4006,99.206,99.738,0.532,100,100,0,0.532,0
469,KX230794.1,pMAL-2,MAL,ABUW_4006,99.206,99.738,0.532,100,100,0,0.532,0
482,MK243454.1,pCRA914-67,09A16CRGN0014,ABUW_4006,99.206,99.738,0.532,100,100,0,0.532,0
517,CP050392.1,pVB11737_1,VB11737,ABUW_4006,99.206,99.738,0.532,100,100,0,0.532,0
538,CP050413.1,pPM192696_1,PM192696,ABUW_4006,99.206,99.738,0.532,100,100,0,0.532,0
656,CP072124.1,p2KSK1,KSK1,ABUW_4006,99.206,99.738,0.532,100,100,0,0.532,0
660,CP072400.1,p2KSK2,KSK2,ABUW_4006,99.206,99.738,0.532,100,100,0,0.532,0
664,CP072272.1,p2KSK6,KSK6,ABUW_4006,99.206,99.738,0.532,100,100,0,0.532,0
668,CP072277.1,p2KSK7,KSK7,ABUW_4006,99.206,99.738,0.532,100,100,0,0.532,0
672,CP072282.1,p2KSK10,KSK10,ABUW_4006,99.206,99.738,0.532,100,100,0,0.532,0
676,CP072287.1,p2KSK11,KSK11,ABUW_4006,99.206,99.738,0.532,100,100,0,0.532,0
680,CP072292.1,p2KSK18,KSK18,ABUW_4006,99.206,99.738,0.532,100,100,0,0.532,0
684,CP072297.1,p2KSK19,KSK19,ABUW_4006,99.206,99.738,0.532,100,100,0,0.532,0
688,CP072302.1,p2KSK20,KSK20,ABUW_4006,99.206,99.738,0.532,100,100,0,0.532,0
807,CP091595.1,pR32_2,Nord4-2,ABUW_4006,99.206,99.738,0.532,100,100,0,0.532,0
232,CP021322.1,pXH731,XH731,ABUW_4007,97.692,98.219,0.527,100,100,0,0.527,0
267,CP024578.1,pAbPK1b,AbPK1,ABUW_4007,97.692,98.219,0.527,100,100,0,0.527,0
639,CP069841.1,p2FDAARGOS_1360,FDAARGOS_1360,ABUW_4007,97.692,98.219,0.527,100,100,0,0.527,0
717,CP077838.1,pDETAB7a,DETAB-E159,ABUW_4007,97.692,98.219,0.527,100,100,0,0.527,0
724,CP077833.1,pDETAB7d,DETAB-P43,ABUW_4007,97.692,98.219,0.527,100,100,0,0.527,0
726,CP077836.1,pDETAB7b,DETAB-P65,ABUW_4007,97.692,98.219,0.527,100,100,0,0.527,0
758,CP096763.1,p5651,5651,ABUW_4007,97.692,98.219,0.527,100,100,0,0.527,0
487,MG954377.1,pS21-2,SGH9601,ABUW_4007,99.231,98.728,-0.503,100,100,0,0.503,0
762,CP096756.1,p5663,5663,ABUW_4007,99.231,98.728,-0.503,100,100,0,0.503,0
763,CP096754.1,p5664,5664,ABUW_4007,99.231,98.728,-0.503,100,100,0,0.503,0
517,CP050392.1,pVB11737_1,VB11737,ABUW_4005,99.425,99.81,0.385,100,100,0,0.385,0
656,CP072124.1,p2KSK1,KSK1,ABUW_4005,99.425,99.81,0.385,100,100,0,0.385,0
660,CP072400.1,p2KSK2,KSK2,ABUW_4005,99.425,99.81,0.385,100,100,0,0.385,0
664,CP072272.1,p2KSK6,KSK6,ABUW_4005,99.425,99.81,0.385,100,100,0,0.385,0
668,CP072277.1,p2KSK7,KSK7,ABUW_4005,99.425,99.81,0.385,100,100,0,0.385,0
672,CP072282.1,p2KSK10,KSK10,ABUW_4005,99.425,99.81,0.385,100,100,0,0.385,0
676,CP072287.1,p2KSK11,KSK11,ABUW_4005,99.425,99.81,0.385,100,100,0,0.385,0
680,CP072292.1,p2KSK18,KSK18,ABUW_4005,99.425,99.81,0.385,100,100,0,0.385,0
684,CP072297.1,p2KSK19,KSK19,ABUW_4005,99.425,99.81,0.385,100,100,0,0.385,0
688,CP072302.1,p2KSK20,KSK20,ABUW_4005,99.425,99.81,0.385,100,100,0,0.385,0
1,MK531538.1,pMC23.1,MC23,ABUW_4005,100,99.619,-0.381,100,100,0,0.381,0
15,AP023078.1,pOCU_Ac16a_1,OCU_Ac16a,ABUW_4005,100,99.619,-0.381,100,100,0,0.381,0
102,KF889012.1,pAB_CC,TYTH-1,ABUW_4005,100,99.619,-0.381,100,100,0,0.381,0
147,CP012008.1,pAB04-2,Ab04-mff,ABUW_4005,100,99.619,-0.381,100,100,0,0.381,0
181,CP014216.1,p2YU-R612,YU-R612,ABUW_4005,100,99.619,-0.381,100,100,0,0.381,0
197,CP017647.1,pKAB03,KAB03,ABUW_4005,100,99.619,-0.381,100,100,0,0.381,0
199,CP017651.1,pKAB05,KAB05,ABUW_4005,100,99.619,-0.381,100,100,0,0.381,0
200,CP017653.1,pKAB06,KAB06,ABUW_4005,100,99.619,-0.381,100,100,0,0.381,0
213,CP019115.1,pMDR-CQ,MDR-CQ,ABUW_4005,100,99.619,-0.381,100,100,0,0.381,0
217,CP020593.1,pUSA2_1,USA2,ABUW_4005,100,99.619,-0.381,100,100,0,0.381,0
225,CP020573.1,p15A5_1,15A5,ABUW_4005,100,99.619,-0.381,100,100,0,0.381,0
267,CP024578.1,pAbPK1b,AbPK1,ABUW_4005,100,99.619,-0.381,100,100,0,0.381,0
274,CP025267.1,pSMC_AB_BL01_1,SMC_Paed_Ab_BL01,ABUW_4005,100,99.619,-0.381,100,100,0,0.381,0
303,CP027243.1,p1_005078,WCHAB005078,ABUW_4005,100,99.619,-0.381,100,100,0,0.381,0
343,CP039994.1,pTG22182_1,TG22182,ABUW_4005,100,99.619,-0.381,100,100,0,0.381,0
349,CP036286.1,p60155_3,TG60155,ABUW_4005,100,99.619,-0.381,100,100,0,0.381,0
357,CP038264.1,pEC_gr6,LEV1449/17Ec,ABUW_4005,100,99.619,-0.381,100,100,0,0.381,0
380,CP040043.1,p3VB958,VB958,ABUW_4005,100,99.619,-0.381,100,100,0,0.381,0
487,MG954377.1,pS21-2,SGH9601,ABUW_4005,100,99.619,-0.381,100,100,0,0.381,0
497,MK386681.1,pABAY09008_1B,ABAY09008,ABUW_4005,100,99.619,-0.381,100,100,0,0.381,0
503,CP050917.1,p2DT-Ab003,DT-Ab003,ABUW_4005,100,99.619,-0.381,100,100,0,0.381,0
506,CP050912.1,p2DT-Ab020,DT-Ab020,ABUW_4005,100,99.619,-0.381,100,100,0,0.381,0
509,CP050909.1,p2DT-Ab022,DT-Ab022,ABUW_4005,100,99.619,-0.381,100,100,0,0.381,0
586,CP082228.1,p2018HLJAB2,2018HLJAB2,ABUW_4005,100,99.619,-0.381,100,100,0,0.381,0
588,CP082895.1,p2018HBAB1-2,2018HBAB1,ABUW_4005,100,99.619,-0.381,100,100,0,0.381,0
595,CP082221.1,p2018TJAB1,2018TJAB1,ABUW_4005,100,99.619,-0.381,100,100,0,0.381,0
596,CP082220.1,p2018BJAB1,2018BJAB1,ABUW_4005,100,99.619,-0.381,100,100,0,0.381,0
597,CP082219.1,p2018BJAB2,2018BJAB2,ABUW_4005,100,99.619,-0.381,100,100,0,0.381,0
632,CP062921.1,p3Res13-Abat,Res13-Abat-PEA21-P4-01-A,ABUW_4005,100,99.619,-0.381,100,100,0,0.381,0
639,CP069841.1,p2FDAARGOS_1360,FDAARGOS_1360,ABUW_4005,100,99.619,-0.381,100,100,0,0.381,0
720,JAHPZP010000021.1,pAci46a,Aci46,ABUW_4005,100,99.619,-0.381,100,100,0,0.381,0
727,CP077841.1,pDETAB16,DETAB-P90,ABUW_4005,100,99.619,-0.381,100,100,0,0.381,0
762,CP096756.1,p5663,5663,ABUW_4005,100,99.619,-0.381,100,100,0,0.381,0
763,CP096754.1,p5664,5664,ABUW_4005,100,99.619,-0.381,100,100,0,0.381,0
772,CP096739.1,p5679,5679,ABUW_4005,100,99.619,-0.381,100,100,0,0.381,0
784,CP096719.1,p5741_2,5741,ABUW_4005,100,99.619,-0.381,100,100,0,0.381,0
800,CP096689.1,p5840,5840,ABUW_4005,100,99.619,-0.381,100,100,0,0.381,0
812,CP094285.1,pNY5301-2,NY5301,ABUW_4005,100,99.619,-0.381,100,100,0,0.381,0
825,CP099785.1,pNCCP15989*,NCCP 15989,ABUW_4005,100,99.619,-0.381,100,100,0,0.381,0
828,CP099791.1,p1NCCP15996*,NCCP 15996,ABUW_4005,100,99.619,-0.381,100,100,0,0.381,0
1,MK531538.1,pMC23.1,MC23,ABUW_4094,100,99.702,-0.298,100,100,0,0.298,0
357,CP038264.1,pEC_gr6,LEV1449/17Ec,ABUW_4094,100,99.702,-0.298,100,100,0,0.298,0
487,MG954377.1,pS21-2,SGH9601,ABUW_4094,100,99.702,-0.298,100,100,0,0.298,0
762,CP096756.1,p5663,5663,ABUW_4094,100,99.702,-0.298,100,100,0,0.298,0
763,CP096754.1,p5664,5664,ABUW_4094,100,99.702,-0.298,100,100,0,0.298,0
102,KF889012.1,pAB_CC,TYTH-1,ABUW_4006,99.206,99.475,0.269,100,100,0,0.269,0
197,CP017647.1,pKAB03,KAB03,ABUW_4006,99.206,99.475,0.269,100,100,0,0.269,0
303,CP027243.1,p1_005078,WCHAB005078,ABUW_4006,99.206,99.475,0.269,100,100,0,0.269,0
720,JAHPZP010000021.1,pAci46a,Aci46,ABUW_4006,99.206,99.475,0.269,100,100,0,0.269,0
727,CP077841.1,pDETAB16,DETAB-P90,ABUW_4006,99.206,99.475,0.269,100,100,0,0.269,0
784,CP096719.1,p5741_2,5741,ABUW_4006,99.206,99.475,0.269,100,100,0,0.269,0
828,CP099791.1,p1NCCP15996*,NCCP 15996,ABUW_4006,99.206,99.475,0.269,100,100,0,0.269,0
81,CP007580.1,pAC30c,AC30,ABUW_4007,99.231,99.491,0.26,100,100,0,0.26,0
116,CP008851.1,pAC29b,AC29,ABUW_4007,99.231,99.491,0.26,100,100,0,0.26,0
102,KF889012.1,pAB_CC,TYTH-1,ABUW_4007,100,99.746,-0.254,100,100,0,0.254,0
104,CP002524.1,p2ABTCDC0715,TCDC-AB0715,ABUW_4007,100,99.746,-0.254,100,100,0,0.254,0
197,CP017647.1,pKAB03,KAB03,ABUW_4007,100,99.746,-0.254,100,100,0,0.254,0
198,CP017649.1,pKAB04,KAB04,ABUW_4007,100,99.746,-0.254,100,100,0,0.254,0
221,CP020582.1,pJBA13_1,JBA13,ABUW_4007,100,99.746,-0.254,100,100,0,0.254,0
222,CP020580.1,pSSMA17_1,SSMA17,ABUW_4007,100,99.746,-0.254,100,100,0,0.254,0
231,CP021787.1,pA85-3,A85,ABUW_4007,100,99.746,-0.254,100,100,0,0.254,0
303,CP027243.1,p1_005078,WCHAB005078,ABUW_4007,100,99.746,-0.254,100,100,0,0.254,0
485,MG954379.1,pS32-2,SGH0905,ABUW_4007,100,99.746,-0.254,100,100,0,0.254,0
505,CP050915.1,pDT-Ab007,DT-Ab007,ABUW_4007,100,99.746,-0.254,100,100,0,0.254,0
699,CP076818.1,p1UC24137,UC24137,ABUW_4007,100,99.746,-0.254,100,100,0,0.254,0
709,CP076805.1,p1UC24371,UC24371,ABUW_4007,100,99.746,-0.254,100,100,0,0.254,0
711,CP076802.1,p1UC25604,UC25604,ABUW_4007,100,99.746,-0.254,100,100,0,0.254,0
720,JAHPZP010000021.1,pAci46a,Aci46,ABUW_4007,100,99.746,-0.254,100,100,0,0.254,0
727,CP077841.1,pDETAB16,DETAB-P90,ABUW_4007,100,99.746,-0.254,100,100,0,0.254,0
739,CP084735.1,pHKU3b,HKU3,ABUW_4007,100,99.746,-0.254,100,100,0,0.254,0
741,CP084732.1,pHKU4b,HKU4,ABUW_4007,100,99.746,-0.254,100,100,0,0.254,0
743,CP084729.1,pHKU5b,HKU5,ABUW_4007,100,99.746,-0.254,100,100,0,0.254,0
745,CP084726.1,pHKU6b,HKU6,ABUW_4007,100,99.746,-0.254,100,100,0,0.254,0
747,CP084723.1,pHKU7b,HKU7,ABUW_4007,100,99.746,-0.254,100,100,0,0.254,0
784,CP096719.1,p5741_2,5741,ABUW_4007,100,99.746,-0.254,100,100,0,0.254,0
828,CP099791.1,p1NCCP15996*,NCCP 15996,ABUW_4007,100,99.746,-0.254,100,100,0,0.254,0
102,KF889012.1,pAB_CC,TYTH-1,ABUW_4004,99.762,99.526,-0.236,100,100,0,0.236,0
197,CP017647.1,pKAB03,KAB03,ABUW_4004,99.762,99.526,-0.236,100,100,0,0.236,0
303,CP027243.1,p1_005078,WCHAB005078,ABUW_4004,99.762,99.526,-0.236,100,100,0,0.236,0
720,JAHPZP010000021.1,pAci46a,Aci46,ABUW_4004,99.762,99.526,-0.236,100,100,0,0.236,0
727,CP077841.1,pDETAB16,DETAB-P90,ABUW_4004,99.762,99.526,-0.236,100,100,0,0.236,0
784,CP096719.1,p5741_2,5741,ABUW_4004,99.762,99.526,-0.236,100,100,0,0.236,0
828,CP099791.1,p1NCCP15996*,NCCP 15996,ABUW_4004,99.762,99.526,-0.236,100,100,0,0.236,0
589,CP082226.1,p2016BJAB1,2016BJAB1,ABUW_4004,99.371,99.606,0.235,100,100,0,0.235,0
722,CP077847.1,pDETAB8,DETAB-P24,ABUW_4005,99.425,99.238,-0.187,100,100,0,0.187,0
45,HG977523.1,pCS01A,CS01,ABUW_4004,99.762,99.921,0.159,100,100,0,0.159,0
47,HG977527.1,pCR17A,CR17,ABUW_4004,99.762,99.921,0.159,100,100,0,0.159,0
1,MK531538.1,pMC23.1,MC23,ABUW_4004,100,99.842,-0.158,100,100,0,0.158,0
15,AP023078.1,pOCU_Ac16a_1,OCU_Ac16a,ABUW_4004,100,99.842,-0.158,100,100,0,0.158,0
357,CP038264.1,pEC_gr6,LEV1449/17Ec,ABUW_4004,100,99.842,-0.158,100,100,0,0.158,0
632,CP062921.1,p3Res13-Abat,Res13-Abat-PEA21-P4-01-A,ABUW_4004,100,99.842,-0.158,100,100,0,0.158,0
722,CP077847.1,pDETAB8,DETAB-P24,ABUW_4004,100,99.842,-0.158,100,100,0,0.158,0
200,CP017653.1,pKAB06,KAB06,ABUW_4004,100,99.91,-0.09,99,100,1,0.09,1
81,CP007580.1,pAC30c,AC30,ABUW_4004,100,99.921,-0.079,100,100,0,0.079,0
100,CP001922.1,ABKp1,1656-2,ABUW_4004,100,99.921,-0.079,100,100,0,0.079,0
104,CP002524.1,p2ABTCDC0715,TCDC-AB0715,ABUW_4004,100,99.921,-0.079,100,100,0,0.079,0
116,CP008851.1,pAC29b,AC29,ABUW_4004,100,99.921,-0.079,100,100,0,0.079,0
147,CP012008.1,pAB04-2,Ab04-mff,ABUW_4004,100,99.921,-0.079,100,100,0,0.079,0
181,CP014216.1,p2YU-R612,YU-R612,ABUW_4004,100,99.921,-0.079,100,100,0,0.079,0
196,CP017645.1,pKAB02,KAB02,ABUW_4004,100,99.921,-0.079,100,100,0,0.079,0
198,CP017649.1,pKAB04,KAB04,ABUW_4004,100,99.921,-0.079,100,100,0,0.079,0
199,CP017651.1,pKAB05,KAB05,ABUW_4004,100,99.921,-0.079,100,100,0,0.079,0
201,CP017655.1,pKAB07,KAB07,ABUW_4004,100,99.921,-0.079,100,100,0,0.079,0
202,CP017657.1,pKAB08,KAB08,ABUW_4004,100,99.921,-0.079,100,100,0,0.079,0
213,CP019115.1,pMDR-CQ,MDR-CQ,ABUW_4004,100,99.921,-0.079,100,100,0,0.079,0
217,CP020593.1,pUSA2_1,USA2,ABUW_4004,100,99.921,-0.079,100,100,0,0.079,0
218,CP020589.1,p15A34_1,15A34,ABUW_4004,100,99.921,-0.079,100,100,0,0.079,0
221,CP020582.1,pJBA13_1,JBA13,ABUW_4004,100,99.921,-0.079,100,100,0,0.079,0
222,CP020580.1,pSSMA17_1,SSMA17,ABUW_4004,100,99.921,-0.079,100,100,0,0.079,0
224,CP020577.1,pSSA12_1,SSA12,ABUW_4004,100,99.921,-0.079,100,100,0,0.079,0
225,CP020573.1,p15A5_1,15A5,ABUW_4004,100,99.921,-0.079,100,100,0,0.079,0
231,CP021787.1,pA85-3,A85,ABUW_4004,100,99.921,-0.079,100,100,0,0.079,0
232,CP021322.1,pXH731,XH731,ABUW_4004,100,99.921,-0.079,100,100,0,0.079,0
274,CP025267.1,pSMC_AB_BL01_1,SMC_Paed_Ab_BL01,ABUW_4004,100,99.921,-0.079,100,100,0,0.079,0
343,CP039994.1,pTG22182_1,TG22182,ABUW_4004,100,99.921,-0.079,100,100,0,0.079,0
349,CP036286.1,p60155_3,TG60155,ABUW_4004,100,99.921,-0.079,100,100,0,0.079,0
380,CP040043.1,p3VB958,VB958,ABUW_4004,100,99.921,-0.079,100,100,0,0.079,0
485,MG954379.1,pS32-2,SGH0905,ABUW_4004,100,99.921,-0.079,100,100,0,0.079,0
487,MG954377.1,pS21-2,SGH9601,ABUW_4004,100,99.921,-0.079,100,100,0,0.079,0
497,MK386681.1,pABAY09008_1B,ABAY09008,ABUW_4004,100,99.921,-0.079,100,100,0,0.079,0
505,CP050915.1,pDT-Ab007,DT-Ab007,ABUW_4004,100,99.921,-0.079,100,100,0,0.079,0
586,CP082228.1,p2018HLJAB2,2018HLJAB2,ABUW_4004,100,99.921,-0.079,100,100,0,0.079,0
588,CP082895.1,p2018HBAB1-2,2018HBAB1,ABUW_4004,100,99.921,-0.079,100,100,0,0.079,0
595,CP082221.1,p2018TJAB1,2018TJAB1,ABUW_4004,100,99.921,-0.079,100,100,0,0.079,0
596,CP082220.1,p2018BJAB1,2018BJAB1,ABUW_4004,100,99.921,-0.079,100,100,0,0.079,0
597,CP082219.1,p2018BJAB2,2018BJAB2,ABUW_4004,100,99.921,-0.079,100,100,0,0.079,0
644,CP066238.1,pG20AB007-1,G20AB007,ABUW_4004,100,99.921,-0.079,100,100,0,0.079,0
647,CP066236.1,pG20AB009-1,G20AB009,ABUW_4004,100,99.921,-0.079,100,100,0,0.079,0
648,CP066233.1,pG20AB010-1,G20AB010,ABUW_4004,100,99.921,-0.079,100,100,0,0.079,0
650,CP066230.1,pG20AB011-1,G20AB011,ABUW_4004,100,99.921,-0.079,100,100,0,0.079,0
717,CP077838.1,pDETAB7a,DETAB-E159,ABUW_4004,100,99.921,-0.079,100,100,0,0.079,0
724,CP077833.1,pDETAB7d,DETAB-P43,ABUW_4004,100,99.921,-0.079,100,100,0,0.079,0
726,CP077836.1,pDETAB7b,DETAB-P65,ABUW_4004,100,99.921,-0.079,100,100,0,0.079,0
739,CP084735.1,pHKU3b,HKU3,ABUW_4004,100,99.921,-0.079,100,100,0,0.079,0
741,CP084732.1,pHKU4b,HKU4,ABUW_4004,100,99.921,-0.079,100,100,0,0.079,0
743,CP084729.1,pHKU5b,HKU5,ABUW_4004,100,99.921,-0.079,100,100,0,0.079,0
745,CP084726.1,pHKU6b,HKU6,ABUW_4004,100,99.921,-0.079,100,100,0,0.079,0
747,CP084723.1,pHKU7b,HKU7,ABUW_4004,100,99.921,-0.079,100,100,0,0.079,0
758,CP096763.1,p5651,5651,ABUW_4004,100,99.921,-0.079,100,100,0,0.079,0
762,CP096756.1,p5663,5663,ABUW_4004,100,99.921,-0.079,100,100,0,0.079,0
763,CP096754.1,p5664,5664,ABUW_4004,100,99.921,-0.079,100,100,0,0.079,0
770,CP096744.1,p5671_2,5671,ABUW_4004,100,99.921,-0.079,100,100,0,0.079,0
772,CP096739.1,p5679,5679,ABUW_4004,100,99.921,-0.079,100,100,0,0.079,0
792,CP096706.1,p5761,5761,ABUW_4004,100,99.921,-0.079,100,100,0,0.079,0
799,CP096691.1,p5839,5839,ABUW_4004,100,99.921,-0.079,100,100,0,0.079,0
800,CP096689.1,p5840,5840,ABUW_4004,100,99.921,-0.079,100,100,0,0.079,0
825,CP099785.1,pNCCP15989*,NCCP 15989,ABUW_4004,100,99.921,-0.079,100,100,0,0.079,0
826,CP099787.1,pNCCP15992,NCCP 15992,ABUW_4004,100,99.921,-0.079,100,100,0,0.079,0
832,CP100306.1,p1KBN10P05679,KBN10P05679,ABUW_4004,100,99.921,-0.079,100,100,0,0.079,0
1,MK531538.1,pMC23.1,MC23,ABUW_4007,98.462,98.473,0.011,100,100,0,0.011,0
15,AP023078.1,pOCU_Ac16a_1,OCU_Ac16a,ABUW_4007,98.462,98.473,0.011,100,100,0,0.011,0
100,CP001922.1,ABKp1,1656-2,ABUW_4007,98.462,98.473,0.011,100,100,0,0.011,0
147,CP012008.1,pAB04-2,Ab04-mff,ABUW_4007,98.462,98.473,0.011,100,100,0,0.011,0
181,CP014216.1,p2YU-R612,YU-R612,ABUW_4007,98.462,98.473,0.011,100,100,0,0.011,0
196,CP017645.1,pKAB02,KAB02,ABUW_4007,98.462,98.473,0.011,100,100,0,0.011,0
199,CP017651.1,pKAB05,KAB05,ABUW_4007,98.462,98.473,0.011,100,100,0,0.011,0
200,CP017653.1,pKAB06,KAB06,ABUW_4007,98.462,98.473,0.011,100,100,0,0.011,0
201,CP017655.1,pKAB07,KAB07,ABUW_4007,98.462,98.473,0.011,100,100,0,0.011,0
202,CP017657.1,pKAB08,KAB08,ABUW_4007,98.462,98.473,0.011,100,100,0,0.011,0
213,CP019115.1,pMDR-CQ,MDR-CQ,ABUW_4007,98.462,98.473,0.011,100,100,0,0.011,0
217,CP020593.1,pUSA2_1,USA2,ABUW_4007,98.462,98.473,0.011,100,100,0,0.011,0
218,CP020589.1,p15A34_1,15A34,ABUW_4007,98.462,98.473,0.011,100,100,0,0.011,0
224,CP020577.1,pSSA12_1,SSA12,ABUW_4007,98.462,98.473,0.011,100,100,0,0.011,0
225,CP020573.1,p15A5_1,15A5,ABUW_4007,98.462,98.473,0.011,100,100,0,0.011,0
274,CP025267.1,pSMC_AB_BL01_1,SMC_Paed_Ab_BL01,ABUW_4007,98.462,98.473,0.011,100,100,0,0.011,0
343,CP039994.1,pTG22182_1,TG22182,ABUW_4007,98.462,98.473,0.011,100,100,0,0.011,0
349,CP036286.1,p60155_3,TG60155,ABUW_4007,98.462,98.473,0.011,100,100,0,0.011,0
357,CP038264.1,pEC_gr6,LEV1449/17Ec,ABUW_4007,98.462,98.473,0.011,100,100,0,0.011,0
380,CP040043.1,p3VB958,VB958,ABUW_4007,98.462,98.473,0.011,100,100,0,0.011,0
497,MK386681.1,pABAY09008_1B,ABAY09008,ABUW_4007,98.462,98.473,0.011,100,100,0,0.011,0
503,CP050917.1,p2DT-Ab003,DT-Ab003,ABUW_4007,98.462,98.473,0.011,100,100,0,0.011,0
506,CP050912.1,p2DT-Ab020,DT-Ab020,ABUW_4007,98.462,98.473,0.011,100,100,0,0.011,0
509,CP050909.1,p2DT-Ab022,DT-Ab022,ABUW_4007,98.462,98.473,0.011,100,100,0,0.011,0
586,CP082228.1,p2018HLJAB2,2018HLJAB2,ABUW_4007,98.462,98.473,0.011,100,100,0,0.011,0
588,CP082895.1,p2018HBAB1-2,2018HBAB1,ABUW_4007,98.462,98.473,0.011,100,100,0,0.011,0
595,CP082221.1,p2018TJAB1,2018TJAB1,ABUW_4007,98.462,98.473,0.011,100,100,0,0.011,0
596,CP082220.1,p2018BJAB1,2018BJAB1,ABUW_4007,98.462,98.473,0.011,100,100,0,0.011,0
597,CP082219.1,p2018BJAB2,2018BJAB2,ABUW_4007,98.462,98.473,0.011,100,100,0,0.011,0
632,CP062921.1,p3Res13-Abat,Res13-Abat-PEA21-P4-01-A,ABUW_4007,98.462,98.473,0.011,100,100,0,0.011,0
644,CP066238.1,pG20AB007-1,G20AB007,ABUW_4007,98.462,98.473,0.011,100,100,0,0.011,0
647,CP066236.1,pG20AB009-1,G20AB009,ABUW_4007,98.462,98.473,0.011,100,100,0,0.011,0
648,CP066233.1,pG20AB010-1,G20AB010,ABUW_4007,98.462,98.473,0.011,100,100,0,0.011,0
650,CP066230.1,pG20AB011-1,G20AB011,ABUW_4007,98.462,98.473,0.011,100,100,0,0.011,0
722,CP077847.1,pDETAB8,DETAB-P24,ABUW_4007,98.462,98.473,0.011,100,100,0,0.011,0
770,CP096744.1,p5671_2,5671,ABUW_4007,98.462,98.473,0.011,100,100,0,0.011,0
772,CP096739.1,p5679,5679,ABUW_4007,98.462,98.473,0.011,100,100,0,0.011,0
792,CP096706.1,p5761,5761,ABUW_4007,98.462,98.473,0.011,100,100,0,0.011,0
799,CP096691.1,p5839,5839,ABUW_4007,98.462,98.473,0.011,100,100,0,0.011,0
800,CP096689.1,p5840,5840,ABUW_4007,98.462,98.473,0.011,100,100,0,0.011,0
812,CP094285.1,pNY5301-2,NY5301,ABUW_4007,98.462,98.473,0.011,100,100,0,0.011,0
825,CP099785.1,pNCCP15989*,NCCP 15989,ABUW_4007,98.462,98.473,0.011,100,100,0,0.011,0
826,CP099787.1,pNCCP15992,NCCP 15992,ABUW_4007,98.462,98.473,0.011,100,100,0,0.011,0
832,CP100306.1,p1KBN10P05679,KBN10P05679,ABUW_4007,98.462,98.473,0.011,100,100,0,0.011,0
15,AP023078.1,pOCU_Ac16a_1,OCU_Ac16a,ABUW_4094,100,100,0,100,100,0,0,0
31,LT984690.1,p2K50,K50,ABUW_4004,100,100,0,100,100,0,0,0
31,LT984690.1,p2K50,K50,ABUW_4005,100,100,0,100,100,0,0,0
31,LT984690.1,p2K50,K50,ABUW_4006,100,100,0,100,100,0,0,0
31,LT984690.1,p2K50,K50,ABUW_4007,100,100,0,100,100,0,0,0
31,LT984690.1,p2K50,K50,ABUW_4094,100,100,0,100,100,0,0,0
45,HG977523.1,pCS01A,CS01,ABUW_4005,100,100,0,100,100,0,0,0
45,HG977523.1,pCS01A,CS01,ABUW_4007,100,100,0,100,100,0,0,0
45,HG977523.1,pCS01A,CS01,ABUW_4094,100,100,0,100,100,0,0,0
47,HG977527.1,pCR17A,CR17,ABUW_4005,100,100,0,100,100,0,0,0
47,HG977527.1,pCR17A,CR17,ABUW_4007,100,100,0,100,100,0,0,0
47,HG977527.1,pCR17A,CR17,ABUW_4094,100,100,0,100,100,0,0,0
66,AFDB02000004.1,pNaval81-67,Naval-81,ABUW_4004,100,100,0,100,100,0,0,0
66,AFDB02000004.1,pNaval81-67,Naval-81,ABUW_4005,100,100,0,100,100,0,0,0
66,AFDB02000004.1,pNaval81-67,Naval-81,ABUW_4007,100,100,0,100,100,0,0,0
73,ALII01000020.1,pIS123-67,IS-123,ABUW_4004,100,100,0,100,100,0,0,0
73,ALII01000020.1,pIS123-67,IS-123,ABUW_4005,100,100,0,100,100,0,0,0
73,ALII01000020.1,pIS123-67,IS-123,ABUW_4007,100,100,0,100,100,0,0,0
76,AFDL01000006.1,pOIFC143-70,OIFC143,ABUW_4004,100,100,0,100,100,0,0,0
76,AFDL01000006.1,pOIFC143-70,OIFC143,ABUW_4005,100,100,0,100,100,0,0,0
76,AFDL01000006.1,pOIFC143-70,OIFC143,ABUW_4007,100,100,0,100,100,0,0,0
81,CP007580.1,pAC30c,AC30,ABUW_4094,100,100,0,100,100,0,0,0
84,AEOY01000095.1,p1ABST2,3990,ABUW_4004,100,100,0,100,100,0,0,0
84,AEOY01000095.1,p1ABST2,3990,ABUW_4005,100,100,0,100,100,0,0,0
84,AEOY01000095.1,p1ABST2,3990,ABUW_4007,100,100,0,100,100,0,0,0
84,AEOY01000095.1,p1ABST2,3990,ABUW_4094,100,100,0,100,100,0,0,0
87,AYOH01000010.2,pABUH1-74,UH9907,ABUW_4004,100,100,0,100,100,0,0,0
87,AYOH01000010.2,pABUH1-74,UH9907,ABUW_4005,100,100,0,100,100,0,0,0
87,AYOH01000010.2,pABUH1-74,UH9907,ABUW_4006,100,100,0,100,100,0,0,0
87,AYOH01000010.2,pABUH1-74,UH9907,ABUW_4007,100,100,0,100,100,0,0,0
87,AYOH01000010.2,pABUH1-74,UH9907,ABUW_4094,100,100,0,100,100,0,0,0
99,CP000865.1,pACICU2,ACICU,ABUW_4004,100,100,0,100,100,0,0,0
99,CP000865.1,pACICU2,ACICU,ABUW_4005,100,100,0,100,100,0,0,0
99,CP000865.1,pACICU2,ACICU,ABUW_4007,100,100,0,100,100,0,0,0
99,CP000865.1,pACICU2,ACICU,ABUW_4094,100,100,0,100,100,0,0,0
100,CP001922.1,ABKp1,1656-2,ABUW_4094,100,100,0,100,100,0,0,0
102,KF889012.1,pAB_CC,TYTH-1,ABUW_4094,100,100,0,100,100,0,0,0
104,CP002524.1,p2ABTCDC0715,TCDC-AB0715,ABUW_4094,100,100,0,100,100,0,0,0
116,CP008851.1,pAC29b,AC29,ABUW_4094,100,100,0,100,100,0,0,0
117,CP008707.1,p1AB5075,AB5075-UW,ABUW_4004,100,100,0,100,100,0,0,0
117,CP008707.1,p1AB5075,AB5075-UW,ABUW_4005,100,100,0,100,100,0,0,0
117,CP008707.1,p1AB5075,AB5075-UW,ABUW_4006,100,100,0,100,100,0,0,0
117,CP008707.1,p1AB5075,AB5075-UW,ABUW_4007,100,100,0,100,100,0,0,0
117,CP008707.1,p1AB5075,AB5075-UW,ABUW_4094,100,100,0,100,100,0,0,0
147,CP012008.1,pAB04-2,Ab04-mff,ABUW_4094,100,100,0,100,100,0,0,0
155,CP026706.1,CP026706.1,AR_0056,ABUW_4004,100,100,0,100,100,0,0,0
155,CP026706.1,CP026706.1,AR_0056,ABUW_4005,100,100,0,100,100,0,0,0
155,CP026706.1,CP026706.1,AR_0056,ABUW_4006,100,100,0,100,100,0,0,0
155,CP026706.1,CP026706.1,AR_0056,ABUW_4007,100,100,0,100,100,0,0,0
155,CP026706.1,CP026706.1,AR_0056,ABUW_4094,100,100,0,100,100,0,0,0
157,CP026712.1,CP026712.1,AR_0063,ABUW_4004,100,100,0,100,100,0,0,0
157,CP026712.1,CP026712.1,AR_0063,ABUW_4005,100,100,0,100,100,0,0,0
157,CP026712.1,CP026712.1,AR_0063,ABUW_4006,100,100,0,100,100,0,0,0
157,CP026712.1,CP026712.1,AR_0063,ABUW_4007,100,100,0,100,100,0,0,0
157,CP026712.1,CP026712.1,AR_0063,ABUW_4094,100,100,0,100,100,0,0,0
174,CP016297.1,pCMCVTAb2-Ab4,CMC-CR-MDR-Ab4,ABUW_4004,100,100,0,100,100,0,0,0
174,CP016297.1,pCMCVTAb2-Ab4,CMC-CR-MDR-Ab4,ABUW_4005,100,100,0,100,100,0,0,0
174,CP016297.1,pCMCVTAb2-Ab4,CMC-CR-MDR-Ab4,ABUW_4006,100,100,0,100,100,0,0,0
174,CP016297.1,pCMCVTAb2-Ab4,CMC-CR-MDR-Ab4,ABUW_4007,100,100,0,100,100,0,0,0
174,CP016297.1,pCMCVTAb2-Ab4,CMC-CR-MDR-Ab4,ABUW_4094,100,100,0,100,100,0,0,0
177,CP016302.1,pCMCVTAb2-Ab66,CMC-CR-MDR-Ab66,ABUW_4004,100,100,0,100,100,0,0,0
177,CP016302.1,pCMCVTAb2-Ab66,CMC-CR-MDR-Ab66,ABUW_4005,100,100,0,100,100,0,0,0
177,CP016302.1,pCMCVTAb2-Ab66,CMC-CR-MDR-Ab66,ABUW_4006,100,100,0,100,100,0,0,0
177,CP016302.1,pCMCVTAb2-Ab66,CMC-CR-MDR-Ab66,ABUW_4007,100,100,0,100,100,0,0,0
177,CP016302.1,pCMCVTAb2-Ab66,CMC-CR-MDR-Ab66,ABUW_4094,100,100,0,100,100,0,0,0
181,CP014216.1,p2YU-R612,YU-R612,ABUW_4094,100,100,0,100,100,0,0,0
183,CP014292.1,p2AB34299,AB34299,ABUW_4004,100,100,0,100,100,0,0,0
183,CP014292.1,p2AB34299,AB34299,ABUW_4005,100,100,0,100,100,0,0,0
183,CP014292.1,p2AB34299,AB34299,ABUW_4007,100,100,0,100,100,0,0,0
183,CP014292.1,p2AB34299,AB34299,ABUW_4094,100,100,0,100,100,0,0,0
186,CP015366.1,pAba3207b,3207,ABUW_4004,100,100,0,100,100,0,0,0
186,CP015366.1,pAba3207b,3207,ABUW_4005,100,100,0,100,100,0,0,0
186,CP015366.1,pAba3207b,3207,ABUW_4007,100,100,0,100,100,0,0,0
186,CP015366.1,pAba3207b,3207,ABUW_4094,100,100,0,100,100,0,0,0
191,CP035047.1,p74.1Kbp,ABUH793,ABUW_4004,100,100,0,100,100,0,0,0
191,CP035047.1,p74.1Kbp,ABUH793,ABUW_4005,100,100,0,100,100,0,0,0
191,CP035047.1,p74.1Kbp,ABUH793,ABUW_4006,100,100,0,100,100,0,0,0
191,CP035047.1,p74.1Kbp,ABUH793,ABUW_4007,100,100,0,100,100,0,0,0
191,CP035047.1,p74.1Kbp,ABUH793,ABUW_4094,100,100,0,100,100,0,0,0
196,CP017645.1,pKAB02,KAB02,ABUW_4094,100,100,0,100,100,0,0,0
197,CP017647.1,pKAB03,KAB03,ABUW_4094,100,100,0,100,100,0,0,0
198,CP017649.1,pKAB04,KAB04,ABUW_4094,100,100,0,100,100,0,0,0
199,CP017651.1,pKAB05,KAB05,ABUW_4094,100,100,0,100,100,0,0,0
200,CP017653.1,pKAB06,KAB06,ABUW_4094,100,100,0,100,100,0,0,0
201,CP017655.1,pKAB07,KAB07,ABUW_4094,100,100,0,100,100,0,0,0
202,CP017657.1,pKAB08,KAB08,ABUW_4094,100,100,0,100,100,0,0,0
213,CP019115.1,pMDR-CQ,MDR-CQ,ABUW_4094,100,100,0,100,100,0,0,0
216,CP020594.1,pUSA15_1,USA15,ABUW_4004,100,100,0,100,100,0,0,0
216,CP020594.1,pUSA15_1,USA15,ABUW_4005,100,100,0,100,100,0,0,0
216,CP020594.1,pUSA15_1,USA15,ABUW_4006,100,100,0,100,100,0,0,0
216,CP020594.1,pUSA15_1,USA15,ABUW_4007,100,100,0,100,100,0,0,0
216,CP020594.1,pUSA15_1,USA15,ABUW_4094,100,100,0,100,100,0,0,0
217,CP020593.1,pUSA2_1,USA2,ABUW_4094,100,100,0,100,100,0,0,0
218,CP020589.1,p15A34_1,15A34,ABUW_4094,100,100,0,100,100,0,0,0
221,CP020582.1,pJBA13_1,JBA13,ABUW_4094,100,100,0,100,100,0,0,0
222,CP020580.1,pSSMA17_1,SSMA17,ABUW_4094,100,100,0,100,100,0,0,0
224,CP020577.1,pSSA12_1,SSA12,ABUW_4094,100,100,0,100,100,0,0,0
225,CP020573.1,p15A5_1,15A5,ABUW_4094,100,100,0,100,100,0,0,0
231,CP021787.1,pA85-3,A85,ABUW_4094,100,100,0,100,100,0,0,0
232,CP021322.1,pXH731,XH731,ABUW_4094,100,100,0,100,100,0,0,0
240,CP023033.1,pAba7847b,7847,ABUW_4004,100,100,0,100,100,0,0,0
240,CP023033.1,pAba7847b,7847,ABUW_4005,100,100,0,100,100,0,0,0
240,CP023033.1,pAba7847b,7847,ABUW_4007,100,100,0,100,100,0,0,0
240,CP023033.1,pAba7847b,7847,ABUW_4094,100,100,0,100,100,0,0,0
249,CP023030.1,pAba9102a,9102,ABUW_4004,100,100,0,100,100,0,0,0
249,CP023030.1,pAba9102a,9102,ABUW_4005,100,100,0,100,100,0,0,0
249,CP023030.1,pAba9102a,9102,ABUW_4007,100,100,0,100,100,0,0,0
249,CP023030.1,pAba9102a,9102,ABUW_4094,100,100,0,100,100,0,0,0
251,CP023028.1,pAba10042b,10042,ABUW_4004,100,100,0,100,100,0,0,0
251,CP023028.1,pAba10042b,10042,ABUW_4005,100,100,0,100,100,0,0,0
251,CP023028.1,pAba10042b,10042,ABUW_4007,100,100,0,100,100,0,0,0
251,CP023028.1,pAba10042b,10042,ABUW_4094,100,100,0,100,100,0,0,0
253,CP033245.1,pAba7835b,7835,ABUW_4004,100,100,0,100,100,0,0,0
253,CP033245.1,pAba7835b,7835,ABUW_4005,100,100,0,100,100,0,0,0
253,CP033245.1,pAba7835b,7835,ABUW_4007,100,100,0,100,100,0,0,0
253,CP033245.1,pAba7835b,7835,ABUW_4094,100,100,0,100,100,0,0,0
267,CP024578.1,pAbPK1b,AbPK1,ABUW_4004,100,100,0,100,100,0,0,0
267,CP024578.1,pAbPK1b,AbPK1,ABUW_4094,100,100,0,100,100,0,0,0
271,CP026946.1,pAbS1_03,S1,ABUW_4004,100,100,0,100,100,0,0,0
271,CP026946.1,pAbS1_03,S1,ABUW_4005,100,100,0,100,100,0,0,0
271,CP026946.1,pAbS1_03,S1,ABUW_4006,100,100,0,100,100,0,0,0
271,CP026946.1,pAbS1_03,S1,ABUW_4007,100,100,0,100,100,0,0,0
271,CP026946.1,pAbS1_03,S1,ABUW_4094,100,100,0,100,100,0,0,0
273,CM009084.2,p2ZQ9,ZQ1,ABUW_4004,100,100,0,100,100,0,0,0
273,CM009084.2,p2ZQ9,ZQ1,ABUW_4005,100,100,0,100,100,0,0,0
273,CM009084.2,p2ZQ9,ZQ1,ABUW_4007,100,100,0,100,100,0,0,0
274,CP025267.1,pSMC_AB_BL01_1,SMC_Paed_Ab_BL01,ABUW_4094,100,100,0,100,100,0,0,0
281,CM009650.1,p4ZQ3,ZQ3,ABUW_4004,100,100,0,100,100,0,0,0
281,CM009650.1,p4ZQ3,ZQ3,ABUW_4005,100,100,0,100,100,0,0,0
281,CM009650.1,p4ZQ3,ZQ3,ABUW_4006,100,100,0,100,100,0,0,0
281,CM009650.1,p4ZQ3,ZQ3,ABUW_4007,100,100,0,100,100,0,0,0
303,CP027243.1,p1_005078,WCHAB005078,ABUW_4094,100,100,0,100,100,0,0,0
318,CP029571.1,pDA33098-71,DA33098,ABUW_4004,100,100,0,100,100,0,0,0
318,CP029571.1,pDA33098-71,DA33098,ABUW_4005,100,100,0,100,100,0,0,0
318,CP029571.1,pDA33098-71,DA33098,ABUW_4007,100,100,0,100,100,0,0,0
322,CP031382.1,pACICU2,ACICU,ABUW_4004,100,100,0,100,100,0,0,0
322,CP031382.1,pACICU2,ACICU,ABUW_4005,100,100,0,100,100,0,0,0
322,CP031382.1,pACICU2,ACICU,ABUW_4007,100,100,0,100,100,0,0,0
322,CP031382.1,pACICU2,ACICU,ABUW_4094,100,100,0,100,100,0,0,0
325,CP030109.1,pDA33382-85,DA33382,ABUW_4004,100,100,0,100,100,0,0,0
325,CP030109.1,pDA33382-85,DA33382,ABUW_4005,100,100,0,100,100,0,0,0
325,CP030109.1,pDA33382-85,DA33382,ABUW_4007,100,100,0,100,100,0,0,0
325,CP030109.1,pDA33382-85,DA33382,ABUW_4094,100,100,0,100,100,0,0,0
343,CP039994.1,pTG22182_1,TG22182,ABUW_4094,100,100,0,100,100,0,0,0
349,CP036286.1,p60155_3,TG60155,ABUW_4094,100,100,0,100,100,0,0,0
380,CP040043.1,p3VB958,VB958,ABUW_4094,100,100,0,100,100,0,0,0
419,CP061516.1,pCFSAN093710_2,CFSAN093710,ABUW_4004,100,100,0,100,100,0,0,0
419,CP061516.1,pCFSAN093710_2,CFSAN093710,ABUW_4005,100,100,0,100,100,0,0,0
419,CP061516.1,pCFSAN093710_2,CFSAN093710,ABUW_4007,100,100,0,100,100,0,0,0
420,CP042842.1,pATCCBAA-1790,ATCC BAA-1790,ABUW_4004,100,100,0,100,100,0,0,0
420,CP042842.1,pATCCBAA-1790,ATCC BAA-1790,ABUW_4005,100,100,0,100,100,0,0,0
420,CP042842.1,pATCCBAA-1790,ATCC BAA-1790,ABUW_4007,100,100,0,100,100,0,0,0
439,CP048134.1,pD46-3,D46,ABUW_4004,100,100,0,100,100,0,0,0
439,CP048134.1,pD46-3,D46,ABUW_4005,100,100,0,100,100,0,0,0
439,CP048134.1,pD46-3,D46,ABUW_4007,100,100,0,100,100,0,0,0
439,CP048134.1,pD46-3,D46,ABUW_4094,100,100,0,100,100,0,0,0
453,KF669606.1,pAb-G7-2,G7,ABUW_4004,100,100,0,100,100,0,0,0
453,KF669606.1,pAb-G7-2,G7,ABUW_4005,100,100,0,100,100,0,0,0
453,KF669606.1,pAb-G7-2,G7,ABUW_4006,100,100,0,100,100,0,0,0
453,KF669606.1,pAb-G7-2,G7,ABUW_4007,100,100,0,100,100,0,0,0
453,KF669606.1,pAb-G7-2,G7,ABUW_4094,100,100,0,100,100,0,0,0
459,KM051846.1,pD72-2,D72,ABUW_4004,100,100,0,100,100,0,0,0
459,KM051846.1,pD72-2,D72,ABUW_4005,100,100,0,100,100,0,0,0
459,KM051846.1,pD72-2,D72,ABUW_4007,100,100,0,100,100,0,0,0
459,KM051846.1,pD72-2,D72,ABUW_4094,100,100,0,100,100,0,0,0
461,KR535992.1,pA105-1,A105,ABUW_4004,100,100,0,100,100,0,0,0
461,KR535992.1,pA105-1,A105,ABUW_4005,100,100,0,100,100,0,0,0
461,KR535992.1,pA105-1,A105,ABUW_4007,100,100,0,100,100,0,0,0
469,KX230794.1,pMAL-2,MAL,ABUW_4004,100,100,0,100,100,0,0,0
469,KX230794.1,pMAL-2,MAL,ABUW_4005,100,100,0,100,100,0,0,0
469,KX230794.1,pMAL-2,MAL,ABUW_4007,100,100,0,100,100,0,0,0
474,KU549175.1,pC13-2,C13,ABUW_4004,100,100,0,100,100,0,0,0
474,KU549175.1,pC13-2,C13,ABUW_4005,100,100,0,100,100,0,0,0
474,KU549175.1,pC13-2,C13,ABUW_4006,100,100,0,100,100,0,0,0
474,KU549175.1,pC13-2,C13,ABUW_4007,100,100,0,100,100,0,0,0
474,KU549175.1,pC13-2,C13,ABUW_4094,100,100,0,100,100,0,0,0
479,KY022424.1,pAb8098,Ab8098,ABUW_4004,100,100,0,100,100,0,0,0
479,KY022424.1,pAb8098,Ab8098,ABUW_4005,100,100,0,100,100,0,0,0
479,KY022424.1,pAb8098,Ab8098,ABUW_4006,100,100,0,100,100,0,0,0
479,KY022424.1,pAb8098,Ab8098,ABUW_4007,100,100,0,100,100,0,0,0
479,KY022424.1,pAb8098,Ab8098,ABUW_4094,100,100,0,100,100,0,0,0
482,MK243454.1,pCRA914-67,09A16CRGN0014,ABUW_4004,100,100,0,100,100,0,0,0
482,MK243454.1,pCRA914-67,09A16CRGN0014,ABUW_4005,100,100,0,100,100,0,0,0
482,MK243454.1,pCRA914-67,09A16CRGN0014,ABUW_4007,100,100,0,100,100,0,0,0
482,MK243454.1,pCRA914-67,09A16CRGN0014,ABUW_4094,100,100,0,100,100,0,0,0
485,MG954379.1,pS32-2,SGH0905,ABUW_4094,100,100,0,100,100,0,0,0
497,MK386681.1,pABAY09008_1B,ABAY09008,ABUW_4094,100,100,0,100,100,0,0,0
503,CP050917.1,p2DT-Ab003,DT-Ab003,ABUW_4004,100,100,0,100,100,0,0,0
503,CP050917.1,p2DT-Ab003,DT-Ab003,ABUW_4094,100,100,0,100,100,0,0,0
505,CP050915.1,pDT-Ab007,DT-Ab007,ABUW_4094,100,100,0,100,100,0,0,0
506,CP050912.1,p2DT-Ab020,DT-Ab020,ABUW_4004,100,100,0,100,100,0,0,0
506,CP050912.1,p2DT-Ab020,DT-Ab020,ABUW_4094,100,100,0,100,100,0,0,0
509,CP050909.1,p2DT-Ab022,DT-Ab022,ABUW_4004,100,100,0,100,100,0,0,0
509,CP050909.1,p2DT-Ab022,DT-Ab022,ABUW_4094,100,100,0,100,100,0,0,0
517,CP050392.1,pVB11737_1,VB11737,ABUW_4004,100,100,0,100,100,0,0,0
517,CP050392.1,pVB11737_1,VB11737,ABUW_4007,100,100,0,100,100,0,0,0
526,CP050404.1,pVB2486_1,VB2486,ABUW_4004,100,100,0,100,100,0,0,0
526,CP050404.1,pVB2486_1,VB2486,ABUW_4005,100,100,0,100,100,0,0,0
526,CP050404.1,pVB2486_1,VB2486,ABUW_4006,100,100,0,100,100,0,0,0
526,CP050404.1,pVB2486_1,VB2486,ABUW_4007,100,100,0,100,100,0,0,0
526,CP050404.1,pVB2486_1,VB2486,ABUW_4094,100,100,0,100,100,0,0,0
538,CP050413.1,pPM192696_1,PM192696,ABUW_4004,100,100,0,100,100,0,0,0
538,CP050413.1,pPM192696_1,PM192696,ABUW_4005,100,100,0,100,100,0,0,0
538,CP050413.1,pPM192696_1,PM192696,ABUW_4007,100,100,0,100,100,0,0,0
586,CP082228.1,p2018HLJAB2,2018HLJAB2,ABUW_4094,100,100,0,100,100,0,0,0
588,CP082895.1,p2018HBAB1-2,2018HBAB1,ABUW_4094,100,100,0,100,100,0,0,0
589,CP082226.1,p2016BJAB1,2016BJAB1,ABUW_4094,100,100,0,100,100,0,0,0
595,CP082221.1,p2018TJAB1,2018TJAB1,ABUW_4094,100,100,0,100,100,0,0,0
596,CP082220.1,p2018BJAB1,2018BJAB1,ABUW_4094,100,100,0,100,100,0,0,0
597,CP082219.1,p2018BJAB2,2018BJAB2,ABUW_4094,100,100,0,100,100,0,0,0
632,CP062921.1,p3Res13-Abat,Res13-Abat-PEA21-P4-01-A,ABUW_4094,100,100,0,100,100,0,0,0
639,CP069841.1,p2FDAARGOS_1360,FDAARGOS_1360,ABUW_4004,100,100,0,100,100,0,0,0
639,CP069841.1,p2FDAARGOS_1360,FDAARGOS_1360,ABUW_4094,100,100,0,100,100,0,0,0
644,CP066238.1,pG20AB007-1,G20AB007,ABUW_4094,100,100,0,100,100,0,0,0
647,CP066236.1,pG20AB009-1,G20AB009,ABUW_4094,100,100,0,100,100,0,0,0
648,CP066233.1,pG20AB010-1,G20AB010,ABUW_4094,100,100,0,100,100,0,0,0
650,CP066230.1,pG20AB011-1,G20AB011,ABUW_4094,100,100,0,100,100,0,0,0
656,CP072124.1,p2KSK1,KSK1,ABUW_4004,100,100,0,100,100,0,0,0
656,CP072124.1,p2KSK1,KSK1,ABUW_4007,100,100,0,100,100,0,0,0
660,CP072400.1,p2KSK2,KSK2,ABUW_4004,100,100,0,100,100,0,0,0
660,CP072400.1,p2KSK2,KSK2,ABUW_4007,100,100,0,100,100,0,0,0
664,CP072272.1,p2KSK6,KSK6,ABUW_4004,100,100,0,100,100,0,0,0
664,CP072272.1,p2KSK6,KSK6,ABUW_4007,100,100,0,100,100,0,0,0
668,CP072277.1,p2KSK7,KSK7,ABUW_4004,100,100,0,100,100,0,0,0
668,CP072277.1,p2KSK7,KSK7,ABUW_4007,100,100,0,100,100,0,0,0
672,CP072282.1,p2KSK10,KSK10,ABUW_4004,100,100,0,100,100,0,0,0
672,CP072282.1,p2KSK10,KSK10,ABUW_4007,100,100,0,100,100,0,0,0
676,CP072287.1,p2KSK11,KSK11,ABUW_4004,100,100,0,100,100,0,0,0
676,CP072287.1,p2KSK11,KSK11,ABUW_4007,100,100,0,100,100,0,0,0
680,CP072292.1,p2KSK18,KSK18,ABUW_4004,100,100,0,100,100,0,0,0
680,CP072292.1,p2KSK18,KSK18,ABUW_4007,100,100,0,100,100,0,0,0
684,CP072297.1,p2KSK19,KSK19,ABUW_4004,100,100,0,100,100,0,0,0
684,CP072297.1,p2KSK19,KSK19,ABUW_4007,100,100,0,100,100,0,0,0
688,CP072302.1,p2KSK20,KSK20,ABUW_4004,100,100,0,100,100,0,0,0
688,CP072302.1,p2KSK20,KSK20,ABUW_4007,100,100,0,100,100,0,0,0
699,CP076818.1,p1UC24137,UC24137,ABUW_4004,100,100,0,100,100,0,0,0
699,CP076818.1,p1UC24137,UC24137,ABUW_4005,100,100,0,100,100,0,0,0
709,CP076805.1,p1UC24371,UC24371,ABUW_4004,100,100,0,100,100,0,0,0
709,CP076805.1,p1UC24371,UC24371,ABUW_4005,100,100,0,100,100,0,0,0
711,CP076802.1,p1UC25604,UC25604,ABUW_4004,100,100,0,100,100,0,0,0
711,CP076802.1,p1UC25604,UC25604,ABUW_4005,100,100,0,100,100,0,0,0
717,CP077838.1,pDETAB7a,DETAB-E159,ABUW_4094,100,100,0,100,100,0,0,0
720,JAHPZP010000021.1,pAci46a,Aci46,ABUW_4094,100,100,0,100,100,0,0,0
722,CP077847.1,pDETAB8,DETAB-P24,ABUW_4094,100,100,0,100,100,0,0,0
724,CP077833.1,pDETAB7d,DETAB-P43,ABUW_4094,100,100,0,100,100,0,0,0
726,CP077836.1,pDETAB7b,DETAB-P65,ABUW_4094,100,100,0,100,100,0,0,0
727,CP077841.1,pDETAB16,DETAB-P90,ABUW_4094,100,100,0,100,100,0,0,0
739,CP084735.1,pHKU3b,HKU3,ABUW_4094,100,100,0,100,100,0,0,0
741,CP084732.1,pHKU4b,HKU4,ABUW_4094,100,100,0,100,100,0,0,0
743,CP084729.1,pHKU5b,HKU5,ABUW_4094,100,100,0,100,100,0,0,0
745,CP084726.1,pHKU6b,HKU6,ABUW_4094,100,100,0,100,100,0,0,0
747,CP084723.1,pHKU7b,HKU7,ABUW_4094,100,100,0,100,100,0,0,0
758,CP096763.1,p5651,5651,ABUW_4094,100,100,0,100,100,0,0,0
770,CP096744.1,p5671_2,5671,ABUW_4094,100,100,0,100,100,0,0,0
772,CP096739.1,p5679,5679,ABUW_4094,100,100,0,100,100,0,0,0
784,CP096719.1,p5741_2,5741,ABUW_4094,100,100,0,100,100,0,0,0
792,CP096706.1,p5761,5761,ABUW_4094,100,100,0,100,100,0,0,0
799,CP096691.1,p5839,5839,ABUW_4094,100,100,0,100,100,0,0,0
800,CP096689.1,p5840,5840,ABUW_4094,100,100,0,100,100,0,0,0
807,CP091595.1,pR32_2,Nord4-2,ABUW_4004,100,100,0,100,100,0,0,0
807,CP091595.1,pR32_2,Nord4-2,ABUW_4005,100,100,0,100,100,0,0,0
807,CP091595.1,pR32_2,Nord4-2,ABUW_4007,100,100,0,100,100,0,0,0
812,CP094285.1,pNY5301-2,NY5301,ABUW_4004,100,100,0,100,100,0,0,0
812,CP094285.1,pNY5301-2,NY5301,ABUW_4094,100,100,0,100,100,0,0,0
825,CP099785.1,pNCCP15989*,NCCP 15989,ABUW_4094,100,100,0,100,100,0,0,0
826,CP099787.1,pNCCP15992,NCCP 15992,ABUW_4094,100,100,0,100,100,0,0,0
832,CP100306.1,p1KBN10P05679,KBN10P05679,ABUW_4094,100,100,0,100,100,0,0,0
0,L77992.1,pAB49,B49,ABUW_4004,,,,,,,,
0,L77992.1,pAB49,B49,ABUW_4005,,,,,,,,
0,L77992.1,pAB49,B49,ABUW_4006,,,,,,,,
0,L77992.1,pAB49,B49,ABUW_4007,,,,,,,,
0,L77992.1,pAB49,B49,ABUW_4094,,,,,,,,
2,MK531539.1,pMC23.3,MC23,ABUW_4004,,,,,,,,
2,MK531539.1,pMC23.3,MC23,ABUW_4005,,,,,,,,
2,MK531539.1,pMC23.3,MC23,ABUW_4006,,,,,,,,
2,MK531539.1,pMC23.3,MC23,ABUW_4007,,,,,,,,
2,MK531539.1,pMC23.3,MC23,ABUW_4094,,,,,,,,
3,MN495625.1,pA2485,A2485,ABUW_4004,,,,,,,,
3,MN495625.1,pA2485,A2485,ABUW_4005,,,,,,,,
3,MN495625.1,pA2485,A2485,ABUW_4006,,,,,,,,
3,MN495625.1,pA2485,A2485,ABUW_4007,,,,,,,,
3,MN495625.1,pA2485,A2485,ABUW_4094,,,,,,,,
4,MN495625.1,pA2485,A2485,ABUW_4004,,,,,,,,
4,MN495625.1,pA2485,A2485,ABUW_4005,,,,,,,,
4,MN495625.1,pA2485,A2485,ABUW_4006,,,,,,,,
4,MN495625.1,pA2485,A2485,ABUW_4007,,,,,,,,
4,MN495625.1,pA2485,A2485,ABUW_4094,,,,,,,,
5,MN495626.1,pA2503,A2503,ABUW_4004,,,,,,,,
5,MN495626.1,pA2503,A2503,ABUW_4005,,,,,,,,
5,MN495626.1,pA2503,A2503,ABUW_4006,,,,,,,,
5,MN495626.1,pA2503,A2503,ABUW_4007,,,,,,,,
5,MN495626.1,pA2503,A2503,ABUW_4094,,,,,,,,
6,MN495626.1,pA2503,A2503,ABUW_4004,,,,,,,,
6,MN495626.1,pA2503,A2503,ABUW_4005,,,,,,,,
6,MN495626.1,pA2503,A2503,ABUW_4006,,,,,,,,
6,MN495626.1,pA2503,A2503,ABUW_4007,,,,,,,,
6,MN495626.1,pA2503,A2503,ABUW_4094,,,,,,,,
7,MK531540.1,pMC75.1,MC75,ABUW_4004,,,,,,,,
7,MK531540.1,pMC75.1,MC75,ABUW_4005,,,,,,,,
7,MK531540.1,pMC75.1,MC75,ABUW_4006,,,,,,,,
7,MK531540.1,pMC75.1,MC75,ABUW_4007,,,,,,,,
7,MK531540.1,pMC75.1,MC75,ABUW_4094,,,,,,,,
8,MK531541.1,pMC75.2,MC75,ABUW_4004,,,,,,,,
8,MK531541.1,pMC75.2,MC75,ABUW_4005,,,,,,,,
8,MK531541.1,pMC75.2,MC75,ABUW_4006,,,,,,,,
8,MK531541.1,pMC75.2,MC75,ABUW_4007,,,,,,,,
8,MK531541.1,pMC75.2,MC75,ABUW_4094,,,,,,,,
9,KY216144.1,pRCH51-3,RCH51,ABUW_4004,,,,,,,,
9,KY216144.1,pRCH51-3,RCH51,ABUW_4005,,,,,,,,
9,KY216144.1,pRCH51-3,RCH51,ABUW_4006,,,,,,,,
9,KY216144.1,pRCH51-3,RCH51,ABUW_4007,,,,,,,,
9,KY216144.1,pRCH51-3,RCH51,ABUW_4094,,,,,,,,
10,GQ861437.1,p135040,135040,ABUW_4004,,,,,,,,
10,GQ861437.1,p135040,135040,ABUW_4005,,,,,,,,
10,GQ861437.1,p135040,135040,ABUW_4006,,,,,,,,
10,GQ861437.1,p135040,135040,ABUW_4007,,,,,,,,
10,GQ861437.1,p135040,135040,ABUW_4094,,,,,,,,
11,AY228470.1,pAB02,AB02,ABUW_4004,,,,,,,,
11,AY228470.1,pAB02,AB02,ABUW_4005,,,,,,,,
11,AY228470.1,pAB02,AB02,ABUW_4006,,,,,,,,
11,AY228470.1,pAB02,AB02,ABUW_4007,,,,,,,,
11,AY228470.1,pAB02,AB02,ABUW_4094,,,,,,,,
12,MK531536.1,pMC1.1,MC1,ABUW_4004,,,,,,,,
12,MK531536.1,pMC1.1,MC1,ABUW_4005,,,,,,,,
12,MK531536.1,pMC1.1,MC1,ABUW_4006,,,,,,,,
12,MK531536.1,pMC1.1,MC1,ABUW_4007,,,,,,,,
12,MK531536.1,pMC1.1,MC1,ABUW_4094,,,,,,,,
13,MT002974.1,pAB17,AB17,ABUW_4004,40.464,,,91,,,,
13,MT002974.1,pAB17,AB17,ABUW_4005,,,,,,,,
13,MT002974.1,pAB17,AB17,ABUW_4006,,,,,,,,
13,MT002974.1,pAB17,AB17,ABUW_4007,,,,,,,,
13,MT002974.1,pAB17,AB17,ABUW_4094,,,,,,,,
14,AP014650.1,pIOMTU433,IOMTU433,ABUW_4004,,,,,,,,
14,AP014650.1,pIOMTU433,IOMTU433,ABUW_4005,,,,,,,,
14,AP014650.1,pIOMTU433,IOMTU433,ABUW_4006,,,,,,,,
14,AP014650.1,pIOMTU433,IOMTU433,ABUW_4007,,,,,,,,
14,AP014650.1,pIOMTU433,IOMTU433,ABUW_4094,,,,,,,,
16,AP023079.1,pOCU_Ac16a_2,OCU_Ac16a,ABUW_4004,40.464,,,91,,,,
16,AP023079.1,pOCU_Ac16a_2,OCU_Ac16a,ABUW_4005,,,,,,,,
16,AP023079.1,pOCU_Ac16a_2,OCU_Ac16a,ABUW_4006,,,,,,,,
16,AP023079.1,pOCU_Ac16a_2,OCU_Ac16a,ABUW_4007,,,,,,,,
16,AP023079.1,pOCU_Ac16a_2,OCU_Ac16a,ABUW_4094,,,,,,,,
17,AP023080.1,pOCU_Ac16a_3,OCU_Ac16a,ABUW_4004,,,,,,,,
17,AP023080.1,pOCU_Ac16a_3,OCU_Ac16a,ABUW_4005,,,,,,,,
17,AP023080.1,pOCU_Ac16a_3,OCU_Ac16a,ABUW_4006,,,,,,,,
17,AP023080.1,pOCU_Ac16a_3,OCU_Ac16a,ABUW_4007,,,,,,,,
17,AP023080.1,pOCU_Ac16a_3,OCU_Ac16a,ABUW_4094,,,,,,,,
18,AP022239.1,pWP8-W18-ESBL-11_1,WP8-W18-ESBL-11,ABUW_4004,,,,,,,,
18,AP022239.1,pWP8-W18-ESBL-11_1,WP8-W18-ESBL-11,ABUW_4005,,,,,,,,
18,AP022239.1,pWP8-W18-ESBL-11_1,WP8-W18-ESBL-11,ABUW_4006,,,,,,,,
18,AP022239.1,pWP8-W18-ESBL-11_1,WP8-W18-ESBL-11,ABUW_4007,,,,,,,,
18,AP022239.1,pWP8-W18-ESBL-11_1,WP8-W18-ESBL-11,ABUW_4094,,,,,,,,
19,AP022240.1,pWP8-W18-ESBL-11_2,WP8-W18-ESBL-11,ABUW_4004,,,,,,,,
19,AP022240.1,pWP8-W18-ESBL-11_2,WP8-W18-ESBL-11,ABUW_4005,,,,,,,,
19,AP022240.1,pWP8-W18-ESBL-11_2,WP8-W18-ESBL-11,ABUW_4006,,,,,,,,
19,AP022240.1,pWP8-W18-ESBL-11_2,WP8-W18-ESBL-11,ABUW_4007,,,,,,,,
19,AP022240.1,pWP8-W18-ESBL-11_2,WP8-W18-ESBL-11,ABUW_4094,,,,,,,,
20,AP024803.1,pOCUAc18-1,OCU_Ac18,ABUW_4004,,,,,,,,
20,AP024803.1,pOCUAc18-1,OCU_Ac18,ABUW_4005,,,,,,,,
20,AP024803.1,pOCUAc18-1,OCU_Ac18,ABUW_4006,,,,,,,,
20,AP024803.1,pOCUAc18-1,OCU_Ac18,ABUW_4007,,,,,,,,
20,AP024803.1,pOCUAc18-1,OCU_Ac18,ABUW_4094,,,,,,,,
21,AP024804.1,pOCUAc18-2,OCU_Ac18,ABUW_4004,,,,,,,,
21,AP024804.1,pOCUAc18-2,OCU_Ac18,ABUW_4005,,,,,,,,
21,AP024804.1,pOCUAc18-2,OCU_Ac18,ABUW_4006,,,,,,,,
21,AP024804.1,pOCUAc18-2,OCU_Ac18,ABUW_4007,,,,,,,,
21,AP024804.1,pOCUAc18-2,OCU_Ac18,ABUW_4094,,,,,,,,
22,AP024805.1,pOCUAc18-3,OCU_Ac18,ABUW_4004,,,,,,,,
22,AP024805.1,pOCUAc18-3,OCU_Ac18,ABUW_4005,,,,,,,,
22,AP024805.1,pOCUAc18-3,OCU_Ac18,ABUW_4006,,,,,,,,
22,AP024805.1,pOCUAc18-3,OCU_Ac18,ABUW_4007,,,,,,,,
22,AP024805.1,pOCUAc18-3,OCU_Ac18,ABUW_4094,,,,,,,,
23,AP024806.1,pOCUAc18-4,OCU_Ac18,ABUW_4004,,,,,,,,
23,AP024806.1,pOCUAc18-4,OCU_Ac18,ABUW_4005,,,,,,,,
23,AP024806.1,pOCUAc18-4,OCU_Ac18,ABUW_4006,,,,,,,,
23,AP024806.1,pOCUAc18-4,OCU_Ac18,ABUW_4007,,,,,,,,
23,AP024806.1,pOCUAc18-4,OCU_Ac18,ABUW_4094,,,,,,,,
24,AP024807.1,pOCUAc18-5,OCU_Ac18,ABUW_4004,,,,,,,,
24,AP024807.1,pOCUAc18-5,OCU_Ac18,ABUW_4005,,,,,,,,
24,AP024807.1,pOCUAc18-5,OCU_Ac18,ABUW_4006,,,,,,,,
24,AP024807.1,pOCUAc18-5,OCU_Ac18,ABUW_4007,,,,,,,,
24,AP024807.1,pOCUAc18-5,OCU_Ac18,ABUW_4094,,,,,,,,
25,AP024808.1,pOCUAc18-6,OCU_Ac18,ABUW_4004,,,,,,,,
25,AP024808.1,pOCUAc18-6,OCU_Ac18,ABUW_4005,,,,,,,,
25,AP024808.1,pOCUAc18-6,OCU_Ac18,ABUW_4006,,,,,,,,
25,AP024808.1,pOCUAc18-6,OCU_Ac18,ABUW_4007,,,,,,,,
25,AP024808.1,pOCUAc18-6,OCU_Ac18,ABUW_4094,,,,,,,,
26,AP024809.1,pOCUAc18-7,OCU_Ac18,ABUW_4004,,,,,,,,
26,AP024809.1,pOCUAc18-7,OCU_Ac18,ABUW_4005,,,,,,,,
26,AP024809.1,pOCUAc18-7,OCU_Ac18,ABUW_4006,,,,,,,,
26,AP024809.1,pOCUAc18-7,OCU_Ac18,ABUW_4007,,,,,,,,
26,AP024809.1,pOCUAc18-7,OCU_Ac18,ABUW_4094,,,,,,,,
27,AP024810.1,pOCUAc18-8,OCU_Ac18,ABUW_4004,,,,,,,,
27,AP024810.1,pOCUAc18-8,OCU_Ac18,ABUW_4005,,,,,,,,
27,AP024810.1,pOCUAc18-8,OCU_Ac18,ABUW_4006,,,,,,,,
27,AP024810.1,pOCUAc18-8,OCU_Ac18,ABUW_4007,,,,,,,,
27,AP024810.1,pOCUAc18-8,OCU_Ac18,ABUW_4094,,,,,,,,
28,AP024811.1,pOCUAc18-9,OCU_Ac18,ABUW_4004,,,,,,,,
28,AP024811.1,pOCUAc18-9,OCU_Ac18,ABUW_4005,,,,,,,,
28,AP024811.1,pOCUAc18-9,OCU_Ac18,ABUW_4006,,,,,,,,
28,AP024811.1,pOCUAc18-9,OCU_Ac18,ABUW_4007,,,,,,,,
28,AP024811.1,pOCUAc18-9,OCU_Ac18,ABUW_4094,,,,,,,,
29,AP024812.1,pOCUAc18-10,OCU_Ac18,ABUW_4004,,,,,,,,
29,AP024812.1,pOCUAc18-10,OCU_Ac18,ABUW_4005,,,,,,,,
29,AP024812.1,pOCUAc18-10,OCU_Ac18,ABUW_4006,,,,,,,,
29,AP024812.1,pOCUAc18-10,OCU_Ac18,ABUW_4007,,,,,,,,
29,AP024812.1,pOCUAc18-10,OCU_Ac18,ABUW_4094,,,,,,,,
30,AP024813.1,pOCUAc18-11,OCU_Ac18,ABUW_4004,,,,,,,,
30,AP024813.1,pOCUAc18-11,OCU_Ac18,ABUW_4005,,,,,,,,
30,AP024813.1,pOCUAc18-11,OCU_Ac18,ABUW_4006,,,,,,,,
30,AP024813.1,pOCUAc18-11,OCU_Ac18,ABUW_4007,,,,,,,,
30,AP024813.1,pOCUAc18-11,OCU_Ac18,ABUW_4094,,,,,,,,
32,LT984691.1,p1K50,K50,ABUW_4004,,,,,,,,
32,LT984691.1,p1K50,K50,ABUW_4005,,,,,,,,
32,LT984691.1,p1K50,K50,ABUW_4006,,,,,,,,
32,LT984691.1,p1K50,K50,ABUW_4007,,,,,,,,
32,LT984691.1,p1K50,K50,ABUW_4094,,,,,,,,
33,LT594096.1,pBAL062,BAL062,ABUW_4004,,,,,,,,
33,LT594096.1,pBAL062,BAL062,ABUW_4005,,,,,,,,
33,LT594096.1,pBAL062,BAL062,ABUW_4006,,,,,,,,
33,LT594096.1,pBAL062,BAL062,ABUW_4007,,,,,,,,
33,LT594096.1,pBAL062,BAL062,ABUW_4094,,,,,,,,
34,CU468231.1,p1ABSDF,SDF,ABUW_4004,,,,,,,,
34,CU468231.1,p1ABSDF,SDF,ABUW_4005,,,,,,,,
34,CU468231.1,p1ABSDF,SDF,ABUW_4006,,,,,,,,
34,CU468231.1,p1ABSDF,SDF,ABUW_4007,,,,,,,,
34,CU468231.1,p1ABSDF,SDF,ABUW_4094,,,,,,,,
35,CU468232.1,p2ABSDF,SDF,ABUW_4004,,,,,,,,
35,CU468232.1,p2ABSDF,SDF,ABUW_4005,,,,,,,,
35,CU468232.1,p2ABSDF,SDF,ABUW_4006,,,,,,,,
35,CU468232.1,p2ABSDF,SDF,ABUW_4007,,,,,,,,
35,CU468232.1,p2ABSDF,SDF,ABUW_4094,,,,,,,,
36,CU468232.1,p2ABSDF,SDF,ABUW_4004,,,,,,,,
36,CU468232.1,p2ABSDF,SDF,ABUW_4005,,,,,,,,
36,CU468232.1,p2ABSDF,SDF,ABUW_4006,,,,,,,,
36,CU468232.1,p2ABSDF,SDF,ABUW_4007,,,,,,,,
36,CU468232.1,p2ABSDF,SDF,ABUW_4094,,,,,,,,
37,CU468233.1,p3ABSDF,SDF,ABUW_4004,,,,,,,,
37,CU468233.1,p3ABSDF,SDF,ABUW_4005,,,,,,,,
37,CU468233.1,p3ABSDF,SDF,ABUW_4006,,,,,,,,
37,CU468233.1,p3ABSDF,SDF,ABUW_4007,,,,,,,,
37,CU468233.1,p3ABSDF,SDF,ABUW_4094,,,,,,,,
38,CU468233.1,p3ABSDF,SDF,ABUW_4004,,,,,,,,
38,CU468233.1,p3ABSDF,SDF,ABUW_4005,,,,,,,,
38,CU468233.1,p3ABSDF,SDF,ABUW_4006,,,,,,,,
38,CU468233.1,p3ABSDF,SDF,ABUW_4007,,,,,,,,
38,CU468233.1,p3ABSDF,SDF,ABUW_4094,,,,,,,,
39,CU468233.1,p3ABSDF,SDF,ABUW_4004,,,,,,,,
39,CU468233.1,p3ABSDF,SDF,ABUW_4005,,,,,,,,
39,CU468233.1,p3ABSDF,SDF,ABUW_4006,,,,,,,,
39,CU468233.1,p3ABSDF,SDF,ABUW_4007,,,,,,,,
39,CU468233.1,p3ABSDF,SDF,ABUW_4094,,,,,,,,
40,CU459137.1,p1ABAYE,AYE,ABUW_4004,,,,,,,,
40,CU459137.1,p1ABAYE,AYE,ABUW_4005,,,,,,,,
40,CU459137.1,p1ABAYE,AYE,ABUW_4006,,,,,,,,
40,CU459137.1,p1ABAYE,AYE,ABUW_4007,,,,,,,,
40,CU459137.1,p1ABAYE,AYE,ABUW_4094,,,,,,,,
41,CU459138.1,p2ABAYE,AYE,ABUW_4004,,,,,,,,
41,CU459138.1,p2ABAYE,AYE,ABUW_4005,,,,,,,,
41,CU459138.1,p2ABAYE,AYE,ABUW_4006,,,,,,,,
41,CU459138.1,p2ABAYE,AYE,ABUW_4007,,,,,,,,
41,CU459138.1,p2ABAYE,AYE,ABUW_4094,,,,,,,,
42,CU459139.1,p4ABAYE,AYE,ABUW_4004,,,,,,,,
42,CU459139.1,p4ABAYE,AYE,ABUW_4005,,,,,,,,
42,CU459139.1,p4ABAYE,AYE,ABUW_4006,,,,,,,,
42,CU459139.1,p4ABAYE,AYE,ABUW_4007,,,,,,,,
42,CU459139.1,p4ABAYE,AYE,ABUW_4094,,,,,,,,
43,CU459139.1,p4ABAYE,AYE,ABUW_4004,,,,,,,,
43,CU459139.1,p4ABAYE,AYE,ABUW_4005,,,,,,,,
43,CU459139.1,p4ABAYE,AYE,ABUW_4006,,,,,,,,
43,CU459139.1,p4ABAYE,AYE,ABUW_4007,,,,,,,,
43,CU459139.1,p4ABAYE,AYE,ABUW_4094,,,,,,,,
44,CU459140.1,p3ABAYE,AYE,ABUW_4004,,,,,,,,
44,CU459140.1,p3ABAYE,AYE,ABUW_4005,,,,,,,,
44,CU459140.1,p3ABAYE,AYE,ABUW_4006,,,,,,,,
44,CU459140.1,p3ABAYE,AYE,ABUW_4007,,,,,,,,
44,CU459140.1,p3ABAYE,AYE,ABUW_4094,,,,,,,,
46,HG977525.1,pCS01C,CS01,ABUW_4004,,,,,,,,
46,HG977525.1,pCS01C,CS01,ABUW_4005,,,,,,,,
46,HG977525.1,pCS01C,CS01,ABUW_4006,,,,,,,,
46,HG977525.1,pCS01C,CS01,ABUW_4007,,,,,,,,
46,HG977525.1,pCS01C,CS01,ABUW_4094,,,,,,,,
48,HG977529.1,pCR17C,CR17,ABUW_4004,,,,,,,,
48,HG977529.1,pCR17C,CR17,ABUW_4005,,,,,,,,
48,HG977529.1,pCR17C,CR17,ABUW_4006,,,,,,,,
48,HG977529.1,pCR17C,CR17,ABUW_4007,,,,,,,,
48,HG977529.1,pCR17C,CR17,ABUW_4094,,,,,,,,
49,LN833432.1,pNDM-32,CHI-32,ABUW_4004,,,,,,,,
49,LN833432.1,pNDM-32,CHI-32,ABUW_4005,,,,,,,,
49,LN833432.1,pNDM-32,CHI-32,ABUW_4006,,,,,,,,
49,LN833432.1,pNDM-32,CHI-32,ABUW_4007,,,,,,,,
49,LN833432.1,pNDM-32,CHI-32,ABUW_4094,,,,,,,,
50,LT605060.1,pNCTC7364,NCTC7364,ABUW_4004,,,,,,,,
50,LT605060.1,pNCTC7364,NCTC7364,ABUW_4005,,,,,,,,
50,LT605060.1,pNCTC7364,NCTC7364,ABUW_4006,,,,,,,,
50,LT605060.1,pNCTC7364,NCTC7364,ABUW_4007,,,,,,,,
50,LT605060.1,pNCTC7364,NCTC7364,ABUW_4094,,,,,,,,
51,LN865144.1,pCIP70.10,CIP70.10,ABUW_4004,,,,,,,,
51,LN865144.1,pCIP70.10,CIP70.10,ABUW_4005,,,,,,,,
51,LN865144.1,pCIP70.10,CIP70.10,ABUW_4006,,,,,,,,
51,LN865144.1,pCIP70.10,CIP70.10,ABUW_4007,,,,,,,,
51,LN865144.1,pCIP70.10,CIP70.10,ABUW_4094,,,,,,,,
52,LN997847.1,pR2091,R2091,ABUW_4004,,,,,,,,
52,LN997847.1,pR2091,R2091,ABUW_4005,,,,,,,,
52,LN997847.1,pR2091,R2091,ABUW_4006,,,,,,,,
52,LN997847.1,pR2091,R2091,ABUW_4007,,,,,,,,
52,LN997847.1,pR2091,R2091,ABUW_4094,,,,,,,,
53,LR026972.1,pKCRI-28-1,RDK36_28,ABUW_4004,,,,,,,,
53,LR026972.1,pKCRI-28-1,RDK36_28,ABUW_4005,,,,,,,,
53,LR026972.1,pKCRI-28-1,RDK36_28,ABUW_4006,,,,,,,,
53,LR026972.1,pKCRI-28-1,RDK36_28,ABUW_4007,,,,,,,,
53,LR026972.1,pKCRI-28-1,RDK36_28,ABUW_4094,,,,,,,,
54,LR026972.1,pKCRI-28-1,RDK36_28,ABUW_4004,,,,,,,,
54,LR026972.1,pKCRI-28-1,RDK36_28,ABUW_4005,,,,,,,,
54,LR026972.1,pKCRI-28-1,RDK36_28,ABUW_4006,,,,,,,,
54,LR026972.1,pKCRI-28-1,RDK36_28,ABUW_4007,,,,,,,,
54,LR026972.1,pKCRI-28-1,RDK36_28,ABUW_4094,,,,,,,,
55,LR026973.1,pKCRI-43-1,RDK37_43,ABUW_4004,,,,,,,,
55,LR026973.1,pKCRI-43-1,RDK37_43,ABUW_4005,,,,,,,,
55,LR026973.1,pKCRI-43-1,RDK37_43,ABUW_4006,,,,,,,,
55,LR026973.1,pKCRI-43-1,RDK37_43,ABUW_4007,,,,,,,,
55,LR026973.1,pKCRI-43-1,RDK37_43,ABUW_4094,,,,,,,,
56,LR026974.1,pKCRI-49-1,RDK39_49,ABUW_4004,,,,,,,,
56,LR026974.1,pKCRI-49-1,RDK39_49,ABUW_4005,,,,,,,,
56,LR026974.1,pKCRI-49-1,RDK39_49,ABUW_4006,,,,,,,,
56,LR026974.1,pKCRI-49-1,RDK39_49,ABUW_4007,,,,,,,,
56,LR026974.1,pKCRI-49-1,RDK39_49,ABUW_4094,,,,,,,,
57,AFCZ02000003.1,pOIFC032-101,OIFC032,ABUW_4004,,,,,,,,
57,AFCZ02000003.1,pOIFC032-101,OIFC032,ABUW_4005,,,,,,,,
57,AFCZ02000003.1,pOIFC032-101,OIFC032,ABUW_4006,,,,,,,,
57,AFCZ02000003.1,pOIFC032-101,OIFC032,ABUW_4007,,,,,,,,
57,AFCZ02000003.1,pOIFC032-101,OIFC032,ABUW_4094,,,,,,,,
58,AFDM01000010.1,pOIFC189-111,OIFC189,ABUW_4004,,,,,,,,
58,AFDM01000010.1,pOIFC189-111,OIFC189,ABUW_4005,,,,,,,,
58,AFDM01000010.1,pOIFC189-111,OIFC189,ABUW_4006,,,,,,,,
58,AFDM01000010.1,pOIFC189-111,OIFC189,ABUW_4007,,,,,,,,
58,AFDM01000010.1,pOIFC189-111,OIFC189,ABUW_4094,,,,,,,,
59,AFDA02000006.1,pNaval18-6.1,Naval-18,ABUW_4004,,,,,,,,
59,AFDA02000006.1,pNaval18-6.1,Naval-18,ABUW_4005,,,,,,,,
59,AFDA02000006.1,pNaval18-6.1,Naval-18,ABUW_4006,,,,,,,,
59,AFDA02000006.1,pNaval18-6.1,Naval-18,ABUW_4007,,,,,,,,
59,AFDA02000006.1,pNaval18-6.1,Naval-18,ABUW_4094,,,,,,,,
60,AFDA02000008.1,pNaval18-8.4,Naval-18,ABUW_4004,,,,,,,,
60,AFDA02000008.1,pNaval18-8.4,Naval-18,ABUW_4005,,,,,,,,
60,AFDA02000008.1,pNaval18-8.4,Naval-18,ABUW_4006,,,,,,,,
60,AFDA02000008.1,pNaval18-8.4,Naval-18,ABUW_4007,,,,,,,,
60,AFDA02000008.1,pNaval18-8.4,Naval-18,ABUW_4094,,,,,,,,
61,AFDA02000009.1,pNaval18-131,Naval-18,ABUW_4004,,,,,,,,
61,AFDA02000009.1,pNaval18-131,Naval-18,ABUW_4005,,,,,,,,
61,AFDA02000009.1,pNaval18-131,Naval-18,ABUW_4006,,,,,,,,
61,AFDA02000009.1,pNaval18-131,Naval-18,ABUW_4007,,,,,,,,
61,AFDA02000009.1,pNaval18-131,Naval-18,ABUW_4094,,,,,,,,
62,AFDA02000010.1,pNaval18-5.7,Naval-18,ABUW_4004,,,,,,,,
62,AFDA02000010.1,pNaval18-5.7,Naval-18,ABUW_4005,,,,,,,,
62,AFDA02000010.1,pNaval18-5.7,Naval-18,ABUW_4006,,,,,,,,
62,AFDA02000010.1,pNaval18-5.7,Naval-18,ABUW_4007,,,,,,,,
62,AFDA02000010.1,pNaval18-5.7,Naval-18,ABUW_4094,,,,,,,,
63,AFDA02000011.1,pNaval18-7.0,Naval-18,ABUW_4004,,,,,,,,
63,AFDA02000011.1,pNaval18-7.0,Naval-18,ABUW_4005,,,,,,,,
63,AFDA02000011.1,pNaval18-7.0,Naval-18,ABUW_4006,,,,,,,,
63,AFDA02000011.1,pNaval18-7.0,Naval-18,ABUW_4007,,,,,,,,
63,AFDA02000011.1,pNaval18-7.0,Naval-18,ABUW_4094,,,,,,,,
64,AFDB02000003.1,pNaval81-26,Naval-81,ABUW_4004,,,,,,,,
64,AFDB02000003.1,pNaval81-26,Naval-81,ABUW_4005,,,,,,,,
64,AFDB02000003.1,pNaval81-26,Naval-81,ABUW_4006,,,,,,,,
64,AFDB02000003.1,pNaval81-26,Naval-81,ABUW_4007,,,,,,,,
64,AFDB02000003.1,pNaval81-26,Naval-81,ABUW_4094,,,,,,,,
65,AFDB02000003.1,pNaval81-26,Naval-81,ABUW_4004,,,,,,,,
65,AFDB02000003.1,pNaval81-26,Naval-81,ABUW_4005,,,,,,,,
65,AFDB02000003.1,pNaval81-26,Naval-81,ABUW_4006,,,,,,,,
65,AFDB02000003.1,pNaval81-26,Naval-81,ABUW_4007,,,,,,,,
65,AFDB02000003.1,pNaval81-26,Naval-81,ABUW_4094,,,,,,,,
67,AFDB02000005.1,pNaval81-13,Naval-81,ABUW_4004,,,,,,,,
67,AFDB02000005.1,pNaval81-13,Naval-81,ABUW_4005,,,,,,,,
67,AFDB02000005.1,pNaval81-13,Naval-81,ABUW_4006,,,,,,,,
67,AFDB02000005.1,pNaval81-13,Naval-81,ABUW_4007,,,,,,,,
67,AFDB02000005.1,pNaval81-13,Naval-81,ABUW_4094,,,,,,,,
68,ALAL01000013.1,pOIFC109-122,OIFC109,ABUW_4004,,,,,,,,
68,ALAL01000013.1,pOIFC109-122,OIFC109,ABUW_4005,,,,,,,,
68,ALAL01000013.1,pOIFC109-122,OIFC109,ABUW_4006,,,,,,,,
68,ALAL01000013.1,pOIFC109-122,OIFC109,ABUW_4007,,,,,,,,
68,ALAL01000013.1,pOIFC109-122,OIFC109,ABUW_4094,,,,,,,,
69,AFDN01000003.1,pCanadaBC5-8.7,Canada BC-5,ABUW_4004,,,,,,,,
69,AFDN01000003.1,pCanadaBC5-8.7,Canada BC-5,ABUW_4005,,,,,,,,
69,AFDN01000003.1,pCanadaBC5-8.7,Canada BC-5,ABUW_4006,,,,,,,,
69,AFDN01000003.1,pCanadaBC5-8.7,Canada BC-5,ABUW_4007,,,,,,,,
69,AFDN01000003.1,pCanadaBC5-8.7,Canada BC-5,ABUW_4094,,,,,,,,
70,AFDK01000004.1,pOIFC137-122,OIFC137,ABUW_4004,,,,,,,,
70,AFDK01000004.1,pOIFC137-122,OIFC137,ABUW_4005,,,,,,,,
70,AFDK01000004.1,pOIFC137-122,OIFC137,ABUW_4006,,,,,,,,
70,AFDK01000004.1,pOIFC137-122,OIFC137,ABUW_4007,,,,,,,,
70,AFDK01000004.1,pOIFC137-122,OIFC137,ABUW_4094,,,,,,,,
71,ALII01000018.1,pIS123-12,IS-123,ABUW_4004,,,,,,,,
71,ALII01000018.1,pIS123-12,IS-123,ABUW_4005,,,,,,,,
71,ALII01000018.1,pIS123-12,IS-123,ABUW_4006,,,,,,,,
71,ALII01000018.1,pIS123-12,IS-123,ABUW_4007,,,,,,,,
71,ALII01000018.1,pIS123-12,IS-123,ABUW_4094,,,,,,,,
72,ALII01000019.1,pIS123-18,IS-123,ABUW_4004,,,,,,,,
72,ALII01000019.1,pIS123-18,IS-123,ABUW_4005,,,,,,,,
72,ALII01000019.1,pIS123-18,IS-123,ABUW_4006,,,,,,,,
72,ALII01000019.1,pIS123-18,IS-123,ABUW_4007,,,,,,,,
72,ALII01000019.1,pIS123-18,IS-123,ABUW_4094,,,,,,,,
74,AFDO01000021.1,pNaval17-13,Naval-17,ABUW_4004,,,,,,,,
74,AFDO01000021.1,pNaval17-13,Naval-17,ABUW_4005,,,,,,,,
74,AFDO01000021.1,pNaval17-13,Naval-17,ABUW_4006,,,,,,,,
74,AFDO01000021.1,pNaval17-13,Naval-17,ABUW_4007,,,,,,,,
74,AFDO01000021.1,pNaval17-13,Naval-17,ABUW_4094,,,,,,,,
75,AFDL01000005.1,pOIFC143-2.3,OIFC143,ABUW_4004,,,,,,,,
75,AFDL01000005.1,pOIFC143-2.3,OIFC143,ABUW_4005,,,,,,,,
75,AFDL01000005.1,pOIFC143-2.3,OIFC143,ABUW_4006,,,,,,,,
75,AFDL01000005.1,pOIFC143-2.3,OIFC143,ABUW_4007,,,,,,,,
75,AFDL01000005.1,pOIFC143-2.3,OIFC143,ABUW_4094,,,,,,,,
77,AFDL01000008.1,pOIFC143-128,OIFC143,ABUW_4004,,,,,,,,
77,AFDL01000008.1,pOIFC143-128,OIFC143,ABUW_4005,,,,,,,,
77,AFDL01000008.1,pOIFC143-128,OIFC143,ABUW_4006,,,,,,,,
77,AFDL01000008.1,pOIFC143-128,OIFC143,ABUW_4007,,,,,,,,
77,AFDL01000008.1,pOIFC143-128,OIFC143,ABUW_4094,,,,,,,,
78,CP007550.1,pAC12,AC12,ABUW_4004,,,,,,,,
78,CP007550.1,pAC12,AC12,ABUW_4005,,,,,,,,
78,CP007550.1,pAC12,AC12,ABUW_4006,,,,,,,,
78,CP007550.1,pAC12,AC12,ABUW_4007,,,,,,,,
78,CP007550.1,pAC12,AC12,ABUW_4094,,,,,,,,
79,CP007578.1,pAC30a,AC30,ABUW_4004,,,,,,,,
79,CP007578.1,pAC30a,AC30,ABUW_4005,,,,,,,,
79,CP007578.1,pAC30a,AC30,ABUW_4006,,,,,,,,
79,CP007578.1,pAC30a,AC30,ABUW_4007,,,,,,,,
79,CP007578.1,pAC30a,AC30,ABUW_4094,,,,,,,,
80,CP007579.1,pAC30b,AC30,ABUW_4004,,,,,,,,
80,CP007579.1,pAC30b,AC30,ABUW_4005,,,,,,,,
80,CP007579.1,pAC30b,AC30,ABUW_4006,,,,,,,,
80,CP007579.1,pAC30b,AC30,ABUW_4007,,,,,,,,
80,CP007579.1,pAC30b,AC30,ABUW_4094,,,,,,,,
82,AEPA01000395.1,p1ABST25,4190,ABUW_4004,,,,,,,,
82,AEPA01000395.1,p1ABST25,4190,ABUW_4005,,,,,,,,
82,AEPA01000395.1,p1ABST25,4190,ABUW_4006,,,,,,,,
82,AEPA01000395.1,p1ABST25,4190,ABUW_4007,,,,,,,,
82,AEPA01000395.1,p1ABST25,4190,ABUW_4094,,,,,,,,
83,AEPA01000396.1,p2ABST25,4190,ABUW_4004,,,,,,,,
83,AEPA01000396.1,p2ABST25,4190,ABUW_4005,,,,,,,,
83,AEPA01000396.1,p2ABST25,4190,ABUW_4006,,,,,,,,
83,AEPA01000396.1,p2ABST25,4190,ABUW_4007,,,,,,,,
83,AEPA01000396.1,p2ABST25,4190,ABUW_4094,,,,,,,,
85,AEOY01000096.1,p2ABST2,3990,ABUW_4004,,,,,,,,
85,AEOY01000096.1,p2ABST2,3990,ABUW_4005,,,,,,,,
85,AEOY01000096.1,p2ABST2,3990,ABUW_4006,,,,,,,,
85,AEOY01000096.1,p2ABST2,3990,ABUW_4007,,,,,,,,
85,AEOY01000096.1,p2ABST2,3990,ABUW_4094,,,,,,,,
86,AEOZ01000236.1,p1ABST78,3909,ABUW_4004,,,,,,,,
86,AEOZ01000236.1,p1ABST78,3909,ABUW_4005,,,,,,,,
86,AEOZ01000236.1,p1ABST78,3909,ABUW_4006,,,,,,,,
86,AEOZ01000236.1,p1ABST78,3909,ABUW_4007,,,,,,,,
86,AEOZ01000236.1,p1ABST78,3909,ABUW_4094,,,,,,,,
88,AYFH01000048.1,pABUH3a-8.2,UH7607,ABUW_4004,,,,,,,,
88,AYFH01000048.1,pABUH3a-8.2,UH7607,ABUW_4005,,,,,,,,
88,AYFH01000048.1,pABUH3a-8.2,UH7607,ABUW_4006,,,,,,,,
88,AYFH01000048.1,pABUH3a-8.2,UH7607,ABUW_4007,,,,,,,,
88,AYFH01000048.1,pABUH3a-8.2,UH7607,ABUW_4094,,,,,,,,
89,AYFH01000057.1,pABUH2b-5.4,UH7607,ABUW_4004,,,,,,,,
89,AYFH01000057.1,pABUH2b-5.4,UH7607,ABUW_4005,,,,,,,,
89,AYFH01000057.1,pABUH2b-5.4,UH7607,ABUW_4006,,,,,,,,
89,AYFH01000057.1,pABUH2b-5.4,UH7607,ABUW_4007,,,,,,,,
89,AYFH01000057.1,pABUH2b-5.4,UH7607,ABUW_4094,,,,,,,,
90,AYFW01000101.1,pABUH4-111,UH2107,ABUW_4004,,,,,,,,
90,AYFW01000101.1,pABUH4-111,UH2107,ABUW_4005,,,,,,,,
90,AYFW01000101.1,pABUH4-111,UH2107,ABUW_4006,,,,,,,,
90,AYFW01000101.1,pABUH4-111,UH2107,ABUW_4007,,,,,,,,
90,AYFW01000101.1,pABUH4-111,UH2107,ABUW_4094,,,,,,,,
91,AYFZ01000080.2,pABUH2a-5.6,UH19608,ABUW_4004,,,,,,,,
91,AYFZ01000080.2,pABUH2a-5.6,UH19608,ABUW_4005,,,,,,,,
91,AYFZ01000080.2,pABUH2a-5.6,UH19608,ABUW_4006,,,,,,,,
91,AYFZ01000080.2,pABUH2a-5.6,UH19608,ABUW_4007,,,,,,,,
91,AYFZ01000080.2,pABUH2a-5.6,UH19608,ABUW_4094,,,,,,,,
92,AYFZ01000083.1,pABUH3b-7.8,UH19608,ABUW_4004,,,,,,,,
92,AYFZ01000083.1,pABUH3b-7.8,UH19608,ABUW_4005,,,,,,,,
92,AYFZ01000083.1,pABUH3b-7.8,UH19608,ABUW_4006,,,,,,,,
92,AYFZ01000083.1,pABUH3b-7.8,UH19608,ABUW_4007,,,,,,,,
92,AYFZ01000083.1,pABUH3b-7.8,UH19608,ABUW_4094,,,,,,,,
93,AYOI01000002.1,pABUH5-114,UH10707,ABUW_4004,,,,,,,,
93,AYOI01000002.1,pABUH5-114,UH10707,ABUW_4005,,,,,,,,
93,AYOI01000002.1,pABUH5-114,UH10707,ABUW_4006,,,,,,,,
93,AYOI01000002.1,pABUH5-114,UH10707,ABUW_4007,,,,,,,,
93,AYOI01000002.1,pABUH5-114,UH10707,ABUW_4094,,,,,,,,
94,CP001183.2,pAB0057,AB0057,ABUW_4004,,,,,,,,
94,CP001183.2,pAB0057,AB0057,ABUW_4005,,,,,,,,
94,CP001183.2,pAB0057,AB0057,ABUW_4006,,,,,,,,
94,CP001183.2,pAB0057,AB0057,ABUW_4007,,,,,,,,
94,CP001183.2,pAB0057,AB0057,ABUW_4094,,,,,,,,
95,CP003501.1,pABTJ1,MDR-TJ,ABUW_4004,83.673,,,93,,,,
95,CP003501.1,pABTJ1,MDR-TJ,ABUW_4005,55.975,,,90,,,,
95,CP003501.1,pABTJ1,MDR-TJ,ABUW_4006,51.24,,,96,,,,
95,CP003501.1,pABTJ1,MDR-TJ,ABUW_4007,46.774,,,95,,,,
95,CP003501.1,pABTJ1,MDR-TJ,ABUW_4094,46.591,,,79,,,,
96,CP004359.1,pABTJ2,MDR-TJ,ABUW_4004,,,,,,,,
96,CP004359.1,pABTJ2,MDR-TJ,ABUW_4005,,,,,,,,
96,CP004359.1,pABTJ2,MDR-TJ,ABUW_4006,,,,,,,,
96,CP004359.1,pABTJ2,MDR-TJ,ABUW_4007,,,,,,,,
96,CP004359.1,pABTJ2,MDR-TJ,ABUW_4094,,,,,,,,
97,CP000864.1,pACICU1,ACICU,ABUW_4004,,,,,,,,
97,CP000864.1,pACICU1,ACICU,ABUW_4005,,,,,,,,
97,CP000864.1,pACICU1,ACICU,ABUW_4006,,,,,,,,
97,CP000864.1,pACICU1,ACICU,ABUW_4007,,,,,,,,
97,CP000864.1,pACICU1,ACICU,ABUW_4094,,,,,,,,
98,CP000864.1,pACICU1,ACICU,ABUW_4004,,,,,,,,
98,CP000864.1,pACICU1,ACICU,ABUW_4005,,,,,,,,
98,CP000864.1,pACICU1,ACICU,ABUW_4006,,,,,,,,
98,CP000864.1,pACICU1,ACICU,ABUW_4007,,,,,,,,
98,CP000864.1,pACICU1,ACICU,ABUW_4094,,,,,,,,
101,CP003968.1,pD1279779,D1279779,ABUW_4004,,,,,,,,
101,CP003968.1,pD1279779,D1279779,ABUW_4005,,,,,,,,
101,CP003968.1,pD1279779,D1279779,ABUW_4006,,,,,,,,
101,CP003968.1,pD1279779,D1279779,ABUW_4007,,,,,,,,
101,CP003968.1,pD1279779,D1279779,ABUW_4094,,,,,,,,
103,CP002523.1,p1ABTCDC0715,TCDC-AB0715,ABUW_4004,,,,,,,,
103,CP002523.1,p1ABTCDC0715,TCDC-AB0715,ABUW_4005,,,,,,,,
103,CP002523.1,p1ABTCDC0715,TCDC-AB0715,ABUW_4006,,,,,,,,
103,CP002523.1,p1ABTCDC0715,TCDC-AB0715,ABUW_4007,,,,,,,,
103,CP002523.1,p1ABTCDC0715,TCDC-AB0715,ABUW_4094,,,,,,,,
105,CP003887.1,p1BJAB07104,BJAB07104,ABUW_4004,83.673,,,93,,,,
105,CP003887.1,p1BJAB07104,BJAB07104,ABUW_4005,55.975,,,90,,,,
105,CP003887.1,p1BJAB07104,BJAB07104,ABUW_4006,51.24,,,96,,,,
105,CP003887.1,p1BJAB07104,BJAB07104,ABUW_4007,46.774,,,95,,,,
105,CP003887.1,p1BJAB07104,BJAB07104,ABUW_4094,46.591,,,79,,,,
106,CP003848.1,pBJAB0715,BJAB0715,ABUW_4004,,,,,,,,
106,CP003848.1,pBJAB0715,BJAB0715,ABUW_4005,,,,,,,,
106,CP003848.1,pBJAB0715,BJAB0715,ABUW_4006,,,,,,,,
106,CP003848.1,pBJAB0715,BJAB0715,ABUW_4007,,,,,,,,
106,CP003848.1,pBJAB0715,BJAB0715,ABUW_4094,,,,,,,,
107,CP003850.1,p1BJAB0868,BJAB0868,ABUW_4004,,,,,,,,
107,CP003850.1,p1BJAB0868,BJAB0868,ABUW_4005,,,,,,,,
107,CP003850.1,p1BJAB0868,BJAB0868,ABUW_4006,,,,,,,,
107,CP003850.1,p1BJAB0868,BJAB0868,ABUW_4007,,,,,,,,
107,CP003850.1,p1BJAB0868,BJAB0868,ABUW_4094,,,,,,,,
108,CP003888.1,p2BJAB0868,BJAB0868,ABUW_4004,83.673,,,93,,,,
108,CP003888.1,p2BJAB0868,BJAB0868,ABUW_4005,55.975,,,90,,,,
108,CP003888.1,p2BJAB0868,BJAB0868,ABUW_4006,51.24,,,96,,,,
108,CP003888.1,p2BJAB0868,BJAB0868,ABUW_4007,46.774,,,95,,,,
108,CP003888.1,p2BJAB0868,BJAB0868,ABUW_4094,46.591,,,79,,,,
109,CP000522.1,pAB1,ATCC 17978,ABUW_4004,,,,,,,,
109,CP000522.1,pAB1,ATCC 17978,ABUW_4005,,,,,,,,
109,CP000522.1,pAB1,ATCC 17978,ABUW_4006,,,,,,,,
109,CP000522.1,pAB1,ATCC 17978,ABUW_4007,,,,,,,,
109,CP000522.1,pAB1,ATCC 17978,ABUW_4094,,,,,,,,
110,CP000523.1,pAB2,ATCC 17978,ABUW_4004,,,,,,,,
110,CP000523.1,pAB2,ATCC 17978,ABUW_4005,,,,,,,,
110,CP000523.1,pAB2,ATCC 17978,ABUW_4006,,,,,,,,
110,CP000523.1,pAB2,ATCC 17978,ABUW_4007,,,,,,,,
110,CP000523.1,pAB2,ATCC 17978,ABUW_4094,,,,,,,,
111,CP006769.1,ZW85p2,ZW85-1,ABUW_4004,,,,,,,,
111,CP006769.1,ZW85p2,ZW85-1,ABUW_4005,,,,,,,,
111,CP006769.1,ZW85p2,ZW85-1,ABUW_4006,,,,,,,,
111,CP006769.1,ZW85p2,ZW85-1,ABUW_4007,,,,,,,,
111,CP006769.1,ZW85p2,ZW85-1,ABUW_4094,,,,,,,,
112,JN377410.2,pAbNDM-1,ZW85-1,ABUW_4004,40.464,,,91,,,,
112,JN377410.2,pAbNDM-1,ZW85-1,ABUW_4005,,,,,,,,
112,JN377410.2,pAbNDM-1,ZW85-1,ABUW_4006,,,,,,,,
112,JN377410.2,pAbNDM-1,ZW85-1,ABUW_4007,,,,,,,,
112,JN377410.2,pAbNDM-1,ZW85-1,ABUW_4094,,,,,,,,
113,CP007713.1,pABLAC1,LAC-4,ABUW_4004,,,,,,,,
113,CP007713.1,pABLAC1,LAC-4,ABUW_4005,,,,,,,,
113,CP007713.1,pABLAC1,LAC-4,ABUW_4006,,,,,,,,
113,CP007713.1,pABLAC1,LAC-4,ABUW_4007,,,,,,,,
113,CP007713.1,pABLAC1,LAC-4,ABUW_4094,,,,,,,,
114,CP007714.1,pABLAC2,LAC-4,ABUW_4004,,,,,,,,
114,CP007714.1,pABLAC2,LAC-4,ABUW_4005,,,,,,,,
114,CP007714.1,pABLAC2,LAC-4,ABUW_4006,,,,,,,,
114,CP007714.1,pABLAC2,LAC-4,ABUW_4007,,,,,,,,
114,CP007714.1,pABLAC2,LAC-4,ABUW_4094,,,,,,,,
115,CP008850.1,pAC29a,AC29,ABUW_4004,,,,,,,,
115,CP008850.1,pAC29a,AC29,ABUW_4005,,,,,,,,
115,CP008850.1,pAC29a,AC29,ABUW_4006,,,,,,,,
115,CP008850.1,pAC29a,AC29,ABUW_4007,,,,,,,,
115,CP008850.1,pAC29a,AC29,ABUW_4094,,,,,,,,
118,CP008708.1,p2AB5075,AB5075-UW,ABUW_4004,,,,,,,,
118,CP008708.1,p2AB5075,AB5075-UW,ABUW_4005,,,,,,,,
118,CP008708.1,p2AB5075,AB5075-UW,ABUW_4006,,,,,,,,
118,CP008708.1,p2AB5075,AB5075-UW,ABUW_4007,,,,,,,,
118,CP008708.1,p2AB5075,AB5075-UW,ABUW_4094,,,,,,,,
119,CP008709.1,p3AB5075,AB5075-UW,ABUW_4004,,,,,,,,
119,CP008709.1,p3AB5075,AB5075-UW,ABUW_4005,,,,,,,,
119,CP008709.1,p3AB5075,AB5075-UW,ABUW_4006,,,,,,,,
119,CP008709.1,p3AB5075,AB5075-UW,ABUW_4007,,,,,,,,
119,CP008709.1,p3AB5075,AB5075-UW,ABUW_4094,,,,,,,,
120,CM003320.1,pMRSN3405-6,MRSN 3405,ABUW_4004,,,,,,,,
120,CM003320.1,pMRSN3405-6,MRSN 3405,ABUW_4005,,,,,,,,
120,CM003320.1,pMRSN3405-6,MRSN 3405,ABUW_4006,,,,,,,,
120,CM003320.1,pMRSN3405-6,MRSN 3405,ABUW_4007,,,,,,,,
120,CM003320.1,pMRSN3405-6,MRSN 3405,ABUW_4094,,,,,,,,
121,CM003318.1,pMRSN3527-6,MRSN 3527,ABUW_4004,,,,,,,,
121,CM003318.1,pMRSN3527-6,MRSN 3527,ABUW_4005,,,,,,,,
121,CM003318.1,pMRSN3527-6,MRSN 3527,ABUW_4006,,,,,,,,
121,CM003318.1,pMRSN3527-6,MRSN 3527,ABUW_4007,,,,,,,,
121,CM003318.1,pMRSN3527-6,MRSN 3527,ABUW_4094,,,,,,,,
122,CM003319.1,pMRSN3942-6,MRSN 3942,ABUW_4004,,,,,,,,
122,CM003319.1,pMRSN3942-6,MRSN 3942,ABUW_4005,,,,,,,,
122,CM003319.1,pMRSN3942-6,MRSN 3942,ABUW_4006,,,,,,,,
122,CM003319.1,pMRSN3942-6,MRSN 3942,ABUW_4007,,,,,,,,
122,CM003319.1,pMRSN3942-6,MRSN 3942,ABUW_4094,,,,,,,,
123,CM003315.1,pMRSN4106-6,MRSN 4106,ABUW_4004,,,,,,,,
123,CM003315.1,pMRSN4106-6,MRSN 4106,ABUW_4005,,,,,,,,
123,CM003315.1,pMRSN4106-6,MRSN 4106,ABUW_4006,,,,,,,,
123,CM003315.1,pMRSN4106-6,MRSN 4106,ABUW_4007,,,,,,,,
123,CM003315.1,pMRSN4106-6,MRSN 4106,ABUW_4094,,,,,,,,
124,CM003316.1,pMRSN58-2.7,MRSN 58,ABUW_4004,,,,,,,,
124,CM003316.1,pMRSN58-2.7,MRSN 58,ABUW_4005,,,,,,,,
124,CM003316.1,pMRSN58-2.7,MRSN 58,ABUW_4006,,,,,,,,
124,CM003316.1,pMRSN58-2.7,MRSN 58,ABUW_4007,,,,,,,,
124,CM003316.1,pMRSN58-2.7,MRSN 58,ABUW_4094,,,,,,,,
125,CM003317.1,pMRSN58-8.7,MRSN 58,ABUW_4004,,,,,,,,
125,CM003317.1,pMRSN58-8.7,MRSN 58,ABUW_4005,,,,,,,,
125,CM003317.1,pMRSN58-8.7,MRSN 58,ABUW_4006,,,,,,,,
125,CM003317.1,pMRSN58-8.7,MRSN 58,ABUW_4007,,,,,,,,
125,CM003317.1,pMRSN58-8.7,MRSN 58,ABUW_4094,,,,,,,,
126,CM003313.1,pMRSN7339-2.3,MRSN 7339,ABUW_4004,,,,,,,,
126,CM003313.1,pMRSN7339-2.3,MRSN 7339,ABUW_4005,,,,,,,,
126,CM003313.1,pMRSN7339-2.3,MRSN 7339,ABUW_4006,,,,,,,,
126,CM003313.1,pMRSN7339-2.3,MRSN 7339,ABUW_4007,,,,,,,,
126,CM003313.1,pMRSN7339-2.3,MRSN 7339,ABUW_4094,,,,,,,,
127,CM003314.1,pMRSN7339-8.7,MRSN 7339,ABUW_4004,,,,,,,,
127,CM003314.1,pMRSN7339-8.7,MRSN 7339,ABUW_4005,,,,,,,,
127,CM003314.1,pMRSN7339-8.7,MRSN 7339,ABUW_4006,,,,,,,,
127,CM003314.1,pMRSN7339-8.7,MRSN 7339,ABUW_4007,,,,,,,,
127,CM003314.1,pMRSN7339-8.7,MRSN 7339,ABUW_4094,,,,,,,,
128,CP006964.1,pPKAB07,AB07,ABUW_4004,,,,,,,,
128,CP006964.1,pPKAB07,AB07,ABUW_4005,,,,,,,,
128,CP006964.1,pPKAB07,AB07,ABUW_4006,,,,,,,,
128,CP006964.1,pPKAB07,AB07,ABUW_4007,,,,,,,,
128,CP006964.1,pPKAB07,AB07,ABUW_4094,,,,,,,,
129,KM922672.1,pAZJ221,A221,ABUW_4004,83.673,,,93,,,,
129,KM922672.1,pAZJ221,A221,ABUW_4005,55.975,,,90,,,,
129,KM922672.1,pAZJ221,A221,ABUW_4006,51.24,,,96,,,,
129,KM922672.1,pAZJ221,A221,ABUW_4007,46.774,,,95,,,,
129,KM922672.1,pAZJ221,A221,ABUW_4094,46.591,,,79,,,,
130,CP010782.1,pA1-1,A1,ABUW_4004,,,,,,,,
130,CP010782.1,pA1-1,A1,ABUW_4005,,,,,,,,
130,CP010782.1,pA1-1,A1,ABUW_4006,,,,,,,,
130,CP010782.1,pA1-1,A1,ABUW_4007,,,,,,,,
130,CP010782.1,pA1-1,A1,ABUW_4094,,,,,,,,
131,CP010398.1,p6200-114.848kb,6200,ABUW_4004,,,,,,,,
131,CP010398.1,p6200-114.848kb,6200,ABUW_4005,,,,,,,,
131,CP010398.1,p6200-114.848kb,6200,ABUW_4006,,,,,,,,
131,CP010398.1,p6200-114.848kb,6200,ABUW_4007,,,,,,,,
131,CP010398.1,p6200-114.848kb,6200,ABUW_4094,,,,,,,,
132,CP010399.1,p6200-47.274kb,6200,ABUW_4004,40.464,,,91,,,,
132,CP010399.1,p6200-47.274kb,6200,ABUW_4005,,,,,,,,
132,CP010399.1,p6200-47.274kb,6200,ABUW_4006,,,,,,,,
132,CP010399.1,p6200-47.274kb,6200,ABUW_4007,,,,,,,,
132,CP010399.1,p6200-47.274kb,6200,ABUW_4094,,,,,,,,
133,CP010400.1,p6200-9.327kb,6200,ABUW_4004,,,,,,,,
133,CP010400.1,p6200-9.327kb,6200,ABUW_4005,,,,,,,,
133,CP010400.1,p6200-9.327kb,6200,ABUW_4006,,,,,,,,
133,CP010400.1,p6200-9.327kb,6200,ABUW_4007,,,,,,,,
133,CP010400.1,p6200-9.327kb,6200,ABUW_4094,,,,,,,,
134,CP015484.1,pORAB01-1,ORAB01,ABUW_4004,,,,,,,,
134,CP015484.1,pORAB01-1,ORAB01,ABUW_4005,,,,,,,,
134,CP015484.1,pORAB01-1,ORAB01,ABUW_4006,,,,,,,,
134,CP015484.1,pORAB01-1,ORAB01,ABUW_4007,,,,,,,,
134,CP015484.1,pORAB01-1,ORAB01,ABUW_4094,,,,,,,,
135,CP015486.1,pORAB01-3,ORAB01,ABUW_4004,,,,,,,,
135,CP015486.1,pORAB01-3,ORAB01,ABUW_4005,,,,,,,,
135,CP015486.1,pORAB01-3,ORAB01,ABUW_4006,,,,,,,,
135,CP015486.1,pORAB01-3,ORAB01,ABUW_4007,,,,,,,,
135,CP015486.1,pORAB01-3,ORAB01,ABUW_4094,,,,,,,,
136,CP010780.1,pAB386,XH386,ABUW_4004,,,,,,,,
136,CP010780.1,pAB386,XH386,ABUW_4005,,,,,,,,
136,CP010780.1,pAB386,XH386,ABUW_4006,,,,,,,,
136,CP010780.1,pAB386,XH386,ABUW_4007,,,,,,,,
136,CP010780.1,pAB386,XH386,ABUW_4094,,,,,,,,
137,CM003909.1,pAB0057,AB210M,ABUW_4004,,,,,,,,
137,CM003909.1,pAB0057,AB210M,ABUW_4005,,,,,,,,
137,CM003909.1,pAB0057,AB210M,ABUW_4006,,,,,,,,
137,CM003909.1,pAB0057,AB210M,ABUW_4007,,,,,,,,
137,CM003909.1,pAB0057,AB210M,ABUW_4094,,,,,,,,
138,CM004453.1,p1M3AC14-8,M3AC14-8,ABUW_4004,,,,,,,,
138,CM004453.1,p1M3AC14-8,M3AC14-8,ABUW_4005,,,,,,,,
138,CM004453.1,p1M3AC14-8,M3AC14-8,ABUW_4006,,,,,,,,
138,CM004453.1,p1M3AC14-8,M3AC14-8,ABUW_4007,,,,,,,,
138,CM004453.1,p1M3AC14-8,M3AC14-8,ABUW_4094,,,,,,,,
139,CM004454.1,p2M3AC14-8,M3AC14-8,ABUW_4004,,,,,,,,
139,CM004454.1,p2M3AC14-8,M3AC14-8,ABUW_4005,,,,,,,,
139,CM004454.1,p2M3AC14-8,M3AC14-8,ABUW_4006,,,,,,,,
139,CM004454.1,p2M3AC14-8,M3AC14-8,ABUW_4007,,,,,,,,
139,CM004454.1,p2M3AC14-8,M3AC14-8,ABUW_4094,,,,,,,,
140,CP021348.1,pB8300,B8300,ABUW_4004,,,,,,,,
140,CP021348.1,pB8300,B8300,ABUW_4005,,,,,,,,
140,CP021348.1,pB8300,B8300,ABUW_4006,,,,,,,,
140,CP021348.1,pB8300,B8300,ABUW_4007,,,,,,,,
140,CP021348.1,pB8300,B8300,ABUW_4094,,,,,,,,
141,CP021348.1,pB8300,B8300,ABUW_4004,,,,,,,,
141,CP021348.1,pB8300,B8300,ABUW_4005,,,,,,,,
141,CP021348.1,pB8300,B8300,ABUW_4006,,,,,,,,
141,CP021348.1,pB8300,B8300,ABUW_4007,,,,,,,,
141,CP021348.1,pB8300,B8300,ABUW_4094,,,,,,,,
142,CP021343.1,p2B11911,B11911,ABUW_4004,,,,,,,,
142,CP021343.1,p2B11911,B11911,ABUW_4005,,,,,,,,
142,CP021343.1,p2B11911,B11911,ABUW_4006,,,,,,,,
142,CP021343.1,p2B11911,B11911,ABUW_4007,,,,,,,,
142,CP021343.1,p2B11911,B11911,ABUW_4094,,,,,,,,
143,CP021344.1,pB11911,B11911,ABUW_4004,,,,,,,,
143,CP021344.1,pB11911,B11911,ABUW_4005,,,,,,,,
143,CP021344.1,pB11911,B11911,ABUW_4006,,,,,,,,
143,CP021344.1,pB11911,B11911,ABUW_4007,,,,,,,,
143,CP021344.1,pB11911,B11911,ABUW_4094,,,,,,,,
144,CP021346.1,p1B11911,B11911,ABUW_4004,,,,,,,,
144,CP021346.1,p1B11911,B11911,ABUW_4005,,,,,,,,
144,CP021346.1,p1B11911,B11911,ABUW_4006,,,,,,,,
144,CP021346.1,p1B11911,B11911,ABUW_4007,,,,,,,,
144,CP021346.1,p1B11911,B11911,ABUW_4094,,,,,,,,
145,CP012005.1,pAB3,ATCC 17978-mff,ABUW_4004,,,,,,,,
145,CP012005.1,pAB3,ATCC 17978-mff,ABUW_4005,,,,,,,,
145,CP012005.1,pAB3,ATCC 17978-mff,ABUW_4006,,,,,,,,
145,CP012005.1,pAB3,ATCC 17978-mff,ABUW_4007,,,,,,,,
145,CP012005.1,pAB3,ATCC 17978-mff,ABUW_4094,,,,,,,,
146,CP012007.1,pAB04-1,Ab04-mff,ABUW_4004,,,,,,,,
146,CP012007.1,pAB04-1,Ab04-mff,ABUW_4005,,,,,,,,
146,CP012007.1,pAB04-1,Ab04-mff,ABUW_4006,,,,,,,,
146,CP012007.1,pAB04-1,Ab04-mff,ABUW_4007,,,,,,,,
146,CP012007.1,pAB04-1,Ab04-mff,ABUW_4094,,,,,,,,
148,CP013925.1,pKBN10P02143,KBN10P02143,ABUW_4004,56.955,,,90,,,,
148,CP013925.1,pKBN10P02143,KBN10P02143,ABUW_4005,,,,,,,,
148,CP013925.1,pKBN10P02143,KBN10P02143,ABUW_4006,,,,,,,,
148,CP013925.1,pKBN10P02143,KBN10P02143,ABUW_4007,,,,,,,,
148,CP013925.1,pKBN10P02143,KBN10P02143,ABUW_4094,,,,,,,,
149,CP027184.1,p3AR_0052,AR_0052,ABUW_4004,,,,,,,,
149,CP027184.1,p3AR_0052,AR_0052,ABUW_4005,,,,,,,,
149,CP027184.1,p3AR_0052,AR_0052,ABUW_4006,,,,,,,,
149,CP027184.1,p3AR_0052,AR_0052,ABUW_4007,,,,,,,,
149,CP027184.1,p3AR_0052,AR_0052,ABUW_4094,,,,,,,,
150,CP027185.1,p4AR_0052,AR_0052,ABUW_4004,,,,,,,,
150,CP027185.1,p4AR_0052,AR_0052,ABUW_4005,,,,,,,,
150,CP027185.1,p4AR_0052,AR_0052,ABUW_4006,,,,,,,,
150,CP027185.1,p4AR_0052,AR_0052,ABUW_4007,,,,,,,,
150,CP027185.1,p4AR_0052,AR_0052,ABUW_4094,,,,,,,,
151,CP027186.1,p2AR_0052,AR_0052,ABUW_4004,,,,,,,,
151,CP027186.1,p2AR_0052,AR_0052,ABUW_4005,,,,,,,,
151,CP027186.1,p2AR_0052,AR_0052,ABUW_4006,,,,,,,,
151,CP027186.1,p2AR_0052,AR_0052,ABUW_4007,,,,,,,,
151,CP027186.1,p2AR_0052,AR_0052,ABUW_4094,,,,,,,,
152,CP027187.1,p1AR_0052,AR_0052,ABUW_4004,,,,,,,,
152,CP027187.1,p1AR_0052,AR_0052,ABUW_4005,,,,,,,,
152,CP027187.1,p1AR_0052,AR_0052,ABUW_4006,,,,,,,,
152,CP027187.1,p1AR_0052,AR_0052,ABUW_4007,,,,,,,,
152,CP027187.1,p1AR_0052,AR_0052,ABUW_4094,,,,,,,,
153,AFDL01000007.1,pOIFC143-6.2,AR_0056,ABUW_4004,,,,,,,,
153,AFDL01000007.1,pOIFC143-6.2,AR_0056,ABUW_4005,,,,,,,,
153,AFDL01000007.1,pOIFC143-6.2,AR_0056,ABUW_4006,,,,,,,,
153,AFDL01000007.1,pOIFC143-6.2,AR_0056,ABUW_4007,,,,,,,,
153,AFDL01000007.1,pOIFC143-6.2,AR_0056,ABUW_4094,,,,,,,,
154,CP026705.1,tig00000058_pilon,AR_0056,ABUW_4004,,,,,,,,
154,CP026705.1,tig00000058_pilon,AR_0056,ABUW_4005,,,,,,,,
154,CP026705.1,tig00000058_pilon,AR_0056,ABUW_4006,,,,,,,,
154,CP026705.1,tig00000058_pilon,AR_0056,ABUW_4007,,,,,,,,
154,CP026705.1,tig00000058_pilon,AR_0056,ABUW_4094,,,,,,,,
156,CP026708.1,tig00000534_pilon,AR_0056,ABUW_4004,,,,,,,,
156,CP026708.1,tig00000534_pilon,AR_0056,ABUW_4005,,,,,,,,
156,CP026708.1,tig00000534_pilon,AR_0056,ABUW_4006,,,,,,,,
156,CP026708.1,tig00000534_pilon,AR_0056,ABUW_4007,,,,,,,,
156,CP026708.1,tig00000534_pilon,AR_0056,ABUW_4094,,,,,,,,
158,CP027179.1,p2AR_0070,AR_0070,ABUW_4004,,,,,,,,
158,CP027179.1,p2AR_0070,AR_0070,ABUW_4005,,,,,,,,
158,CP027179.1,p2AR_0070,AR_0070,ABUW_4006,,,,,,,,
158,CP027179.1,p2AR_0070,AR_0070,ABUW_4007,,,,,,,,
158,CP027179.1,p2AR_0070,AR_0070,ABUW_4094,,,,,,,,
159,CP027180.1,p3AR_0070,AR_0070,ABUW_4004,,,,,,,,
159,CP027180.1,p3AR_0070,AR_0070,ABUW_4005,,,,,,,,
159,CP027180.1,p3AR_0070,AR_0070,ABUW_4006,,,,,,,,
159,CP027180.1,p3AR_0070,AR_0070,ABUW_4007,,,,,,,,
159,CP027180.1,p3AR_0070,AR_0070,ABUW_4094,,,,,,,,
160,CP027181.1,p1AR_0070,AR_0070,ABUW_4004,,,,,,,,
160,CP027181.1,p1AR_0070,AR_0070,ABUW_4005,,,,,,,,
160,CP027181.1,p1AR_0070,AR_0070,ABUW_4006,,,,,,,,
160,CP027181.1,p1AR_0070,AR_0070,ABUW_4007,,,,,,,,
160,CP027181.1,p1AR_0070,AR_0070,ABUW_4094,,,,,,,,
161,CP027182.1,p4AR_0070,AR_0070,ABUW_4004,,,,,,,,
161,CP027182.1,p4AR_0070,AR_0070,ABUW_4005,,,,,,,,
161,CP027182.1,p4AR_0070,AR_0070,ABUW_4006,,,,,,,,
161,CP027182.1,p4AR_0070,AR_0070,ABUW_4007,,,,,,,,
161,CP027182.1,p4AR_0070,AR_0070,ABUW_4094,,,,,,,,
162,CP027529.1,pAR_0083,AR_0083,ABUW_4004,,,,,,,,
162,CP027529.1,pAR_0083,AR_0083,ABUW_4005,,,,,,,,
162,CP027529.1,pAR_0083,AR_0083,ABUW_4006,,,,,,,,
162,CP027529.1,pAR_0083,AR_0083,ABUW_4007,,,,,,,,
162,CP027529.1,pAR_0083,AR_0083,ABUW_4094,,,,,,,,
163,CP027531.1,p2AR_0088,AR_0088,ABUW_4004,,,,,,,,
163,CP027531.1,p2AR_0088,AR_0088,ABUW_4005,,,,,,,,
163,CP027531.1,p2AR_0088,AR_0088,ABUW_4006,,,,,,,,
163,CP027531.1,p2AR_0088,AR_0088,ABUW_4007,,,,,,,,
163,CP027531.1,p2AR_0088,AR_0088,ABUW_4094,,,,,,,,
164,CP027532.1,p1AR_0088,AR_0088,ABUW_4004,40.464,,,91,,,,
164,CP027532.1,p1AR_0088,AR_0088,ABUW_4005,,,,,,,,
164,CP027532.1,p1AR_0088,AR_0088,ABUW_4006,,,,,,,,
164,CP027532.1,p1AR_0088,AR_0088,ABUW_4007,,,,,,,,
164,CP027532.1,p1AR_0088,AR_0088,ABUW_4094,,,,,,,,
165,CP027610.1,pAR_0101,AR_0101,ABUW_4004,,,,,,,,
165,CP027610.1,pAR_0101,AR_0101,ABUW_4005,,,,,,,,
165,CP027610.1,pAR_0101,AR_0101,ABUW_4006,,,,,,,,
165,CP027610.1,pAR_0101,AR_0101,ABUW_4007,,,,,,,,
165,CP027610.1,pAR_0101,AR_0101,ABUW_4094,,,,,,,,
166,CP027608.1,p2AR_0102,AR_0102,ABUW_4004,,,,,,,,
166,CP027608.1,p2AR_0102,AR_0102,ABUW_4005,,,,,,,,
166,CP027608.1,p2AR_0102,AR_0102,ABUW_4006,,,,,,,,
166,CP027608.1,p2AR_0102,AR_0102,ABUW_4007,,,,,,,,
166,CP027608.1,p2AR_0102,AR_0102,ABUW_4094,,,,,,,,
167,CP027609.1,p1AR_0102,AR_0102,ABUW_4004,,,,,,,,
167,CP027609.1,p1AR_0102,AR_0102,ABUW_4005,,,,,,,,
167,CP027609.1,p1AR_0102,AR_0102,ABUW_4006,,,,,,,,
167,CP027609.1,p1AR_0102,AR_0102,ABUW_4007,,,,,,,,
167,CP027609.1,p1AR_0102,AR_0102,ABUW_4094,,,,,,,,
168,CP012953.1,pD36-1,D36,ABUW_4004,,,,,,,,
168,CP012953.1,pD36-1,D36,ABUW_4005,,,,,,,,
168,CP012953.1,pD36-1,D36,ABUW_4006,,,,,,,,
168,CP012953.1,pD36-1,D36,ABUW_4007,,,,,,,,
168,CP012953.1,pD36-1,D36,ABUW_4094,,,,,,,,
169,CP012954.1,pRAY* (pD36-2),D36,ABUW_4004,,,,,,,,
169,CP012954.1,pRAY* (pD36-2),D36,ABUW_4005,,,,,,,,
169,CP012954.1,pRAY* (pD36-2),D36,ABUW_4006,,,,,,,,
169,CP012954.1,pRAY* (pD36-2),D36,ABUW_4007,,,,,,,,
169,CP012954.1,pRAY* (pD36-2),D36,ABUW_4094,,,,,,,,
170,CP012955.1,pD36-3,D36,ABUW_4004,,,,,,,,
170,CP012955.1,pD36-3,D36,ABUW_4005,,,,,,,,
170,CP012955.1,pD36-3,D36,ABUW_4006,,,,,,,,
170,CP012955.1,pD36-3,D36,ABUW_4007,,,,,,,,
170,CP012955.1,pD36-3,D36,ABUW_4094,,,,,,,,
171,CP012956.1,pD36-4,D36,ABUW_4004,,,,,,,,
171,CP012956.1,pD36-4,D36,ABUW_4005,,,,,,,,
171,CP012956.1,pD36-4,D36,ABUW_4006,,,,,,,,
171,CP012956.1,pD36-4,D36,ABUW_4007,,,,,,,,
171,CP012956.1,pD36-4,D36,ABUW_4094,,,,,,,,
172,CP012956.1,pD36-4,D36,ABUW_4004,,,,,,,,
172,CP012956.1,pD36-4,D36,ABUW_4005,,,,,,,,
172,CP012956.1,pD36-4,D36,ABUW_4006,,,,,,,,
172,CP012956.1,pD36-4,D36,ABUW_4007,,,,,,,,
172,CP012956.1,pD36-4,D36,ABUW_4094,,,,,,,,
173,CP016296.1,pCMCVTAb1-Ab4,CMC-CR-MDR-Ab4,ABUW_4004,,,,,,,,
173,CP016296.1,pCMCVTAb1-Ab4,CMC-CR-MDR-Ab4,ABUW_4005,,,,,,,,
173,CP016296.1,pCMCVTAb1-Ab4,CMC-CR-MDR-Ab4,ABUW_4006,,,,,,,,
173,CP016296.1,pCMCVTAb1-Ab4,CMC-CR-MDR-Ab4,ABUW_4007,,,,,,,,
173,CP016296.1,pCMCVTAb1-Ab4,CMC-CR-MDR-Ab4,ABUW_4094,,,,,,,,
175,CP016299.1,pCMCVTAb1-Ab59,CMC-MDR-Ab59,ABUW_4004,,,,,,,,
175,CP016299.1,pCMCVTAb1-Ab59,CMC-MDR-Ab59,ABUW_4005,,,,,,,,
175,CP016299.1,pCMCVTAb1-Ab59,CMC-MDR-Ab59,ABUW_4006,,,,,,,,
175,CP016299.1,pCMCVTAb1-Ab59,CMC-MDR-Ab59,ABUW_4007,,,,,,,,
175,CP016299.1,pCMCVTAb1-Ab59,CMC-MDR-Ab59,ABUW_4094,,,,,,,,
176,CP016301.1,pCMCVTAb1-Ab66,CMC-CR-MDR-Ab66,ABUW_4004,,,,,,,,
176,CP016301.1,pCMCVTAb1-Ab66,CMC-CR-MDR-Ab66,ABUW_4005,,,,,,,,
176,CP016301.1,pCMCVTAb1-Ab66,CMC-CR-MDR-Ab66,ABUW_4006,,,,,,,,
176,CP016301.1,pCMCVTAb1-Ab66,CMC-CR-MDR-Ab66,ABUW_4007,,,,,,,,
176,CP016301.1,pCMCVTAb1-Ab66,CMC-CR-MDR-Ab66,ABUW_4094,,,,,,,,
178,CM008330.1,pAC0021R4,AC002-1-R4,ABUW_4004,,,,,,,,
178,CM008330.1,pAC0021R4,AC002-1-R4,ABUW_4005,,,,,,,,
178,CM008330.1,pAC0021R4,AC002-1-R4,ABUW_4006,,,,,,,,
178,CM008330.1,pAC0021R4,AC002-1-R4,ABUW_4007,,,,,,,,
178,CM008330.1,pAC0021R4,AC002-1-R4,ABUW_4094,,,,,,,,
179,CM003741.1,p2MEX11594,MEX11594,ABUW_4004,,,,,,,,
179,CM003741.1,p2MEX11594,MEX11594,ABUW_4005,,,,,,,,
179,CM003741.1,p2MEX11594,MEX11594,ABUW_4006,,,,,,,,
179,CM003741.1,p2MEX11594,MEX11594,ABUW_4007,,,,,,,,
179,CM003741.1,p2MEX11594,MEX11594,ABUW_4094,,,,,,,,
180,CM003742.1,p1MEX11594,MEX11594,ABUW_4004,,,,,,,,
180,CM003742.1,p1MEX11594,MEX11594,ABUW_4005,,,,,,,,
180,CM003742.1,p1MEX11594,MEX11594,ABUW_4006,,,,,,,,
180,CM003742.1,p1MEX11594,MEX11594,ABUW_4007,,,,,,,,
180,CM003742.1,p1MEX11594,MEX11594,ABUW_4094,,,,,,,,
182,CP014217.1,p1YU-R612,YU-R612,ABUW_4004,,,,,,,,
182,CP014217.1,p1YU-R612,YU-R612,ABUW_4005,,,,,,,,
182,CP014217.1,p1YU-R612,YU-R612,ABUW_4006,,,,,,,,
182,CP014217.1,p1YU-R612,YU-R612,ABUW_4007,,,,,,,,
182,CP014217.1,p1YU-R612,YU-R612,ABUW_4094,,,,,,,,
184,CP014293.1,p1AB34299,AB34299,ABUW_4004,,,,,,,,
184,CP014293.1,p1AB34299,AB34299,ABUW_4005,,,,,,,,
184,CP014293.1,p1AB34299,AB34299,ABUW_4006,,,,,,,,
184,CP014293.1,p1AB34299,AB34299,ABUW_4007,,,,,,,,
184,CP014293.1,p1AB34299,AB34299,ABUW_4094,,,,,,,,
185,CP015365.1,pAba3207a,3207,ABUW_4004,,,,,,,,
185,CP015365.1,pAba3207a,3207,ABUW_4005,,,,,,,,
185,CP015365.1,pAba3207a,3207,ABUW_4006,,,,,,,,
185,CP015365.1,pAba3207a,3207,ABUW_4007,,,,,,,,
185,CP015365.1,pAba3207a,3207,ABUW_4094,,,,,,,,
187,CP015122.1,pab736,ab736,ABUW_4004,,,,,,,,
187,CP015122.1,pab736,ab736,ABUW_4005,,,,,,,,
187,CP015122.1,pab736,ab736,ABUW_4006,,,,,,,,
187,CP015122.1,pab736,ab736,ABUW_4007,,,,,,,,
187,CP015122.1,pab736,ab736,ABUW_4094,,,,,,,,
188,CP035044.1,p13.0Kbp,ABUH796,ABUW_4004,,,,,,,,
188,CP035044.1,p13.0Kbp,ABUH796,ABUW_4005,,,,,,,,
188,CP035044.1,p13.0Kbp,ABUH796,ABUW_4006,,,,,,,,
188,CP035044.1,p13.0Kbp,ABUH796,ABUW_4007,,,,,,,,
188,CP035044.1,p13.0Kbp,ABUH796,ABUW_4094,,,,,,,,
189,CP035053.1,p11.0Kbp,YU-R612,ABUW_4004,,,,,,,,
189,CP035053.1,p11.0Kbp,YU-R612,ABUW_4005,,,,,,,,
189,CP035053.1,p11.0Kbp,YU-R612,ABUW_4006,,,,,,,,
189,CP035053.1,p11.0Kbp,YU-R612,ABUW_4007,,,,,,,,
189,CP035053.1,p11.0Kbp,YU-R612,ABUW_4094,,,,,,,,
190,CP035046.1,p107.0Kbp,ABUH793,ABUW_4004,,,,,,,,
190,CP035046.1,p107.0Kbp,ABUH793,ABUW_4005,,,,,,,,
190,CP035046.1,p107.0Kbp,ABUH793,ABUW_4006,,,,,,,,
190,CP035046.1,p107.0Kbp,ABUH793,ABUW_4007,,,,,,,,
190,CP035046.1,p107.0Kbp,ABUH793,ABUW_4094,,,,,,,,
192,CP035048.1,p10.9Kbp,ABUH793,ABUW_4004,,,,,,,,
192,CP035048.1,p10.9Kbp,ABUH793,ABUW_4005,,,,,,,,
192,CP035048.1,p10.9Kbp,ABUH793,ABUW_4006,,,,,,,,
192,CP035048.1,p10.9Kbp,ABUH793,ABUW_4007,,,,,,,,
192,CP035048.1,p10.9Kbp,ABUH793,ABUW_4094,,,,,,,,
193,CP035050.1,p11.8Kbp,ABUH773,ABUW_4004,,,,,,,,
193,CP035050.1,p11.8Kbp,ABUH773,ABUW_4005,,,,,,,,
193,CP035050.1,p11.8Kbp,ABUH773,ABUW_4006,,,,,,,,
193,CP035050.1,p11.8Kbp,ABUH773,ABUW_4007,,,,,,,,
193,CP035050.1,p11.8Kbp,ABUH773,ABUW_4094,,,,,,,,
194,CP018678.1,pALAC4-1,LAC4,ABUW_4004,,,,,,,,
194,CP018678.1,pALAC4-1,LAC4,ABUW_4005,,,,,,,,
194,CP018678.1,pALAC4-1,LAC4,ABUW_4006,,,,,,,,
194,CP018678.1,pALAC4-1,LAC4,ABUW_4007,,,,,,,,
194,CP018678.1,pALAC4-1,LAC4,ABUW_4094,,,,,,,,
195,CP018679.1,"pALAC4-2,",LAC4,ABUW_4004,,,,,,,,
195,CP018679.1,"pALAC4-2,",LAC4,ABUW_4005,,,,,,,,
195,CP018679.1,"pALAC4-2,",LAC4,ABUW_4006,,,,,,,,
195,CP018679.1,"pALAC4-2,",LAC4,ABUW_4007,,,,,,,,
195,CP018679.1,"pALAC4-2,",LAC4,ABUW_4094,,,,,,,,
203,CP026126.1,pABA-6973,ABNIH28,ABUW_4004,,,,,,,,
203,CP026126.1,pABA-6973,ABNIH28,ABUW_4005,,,,,,,,
203,CP026126.1,pABA-6973,ABNIH28,ABUW_4006,,,,,,,,
203,CP026126.1,pABA-6973,ABNIH28,ABUW_4007,,,,,,,,
203,CP026126.1,pABA-6973,ABNIH28,ABUW_4094,,,,,,,,
204,CP026127.1,pNDM-0285,ABNIH28,ABUW_4004,40.464,,,91,,,,
204,CP026127.1,pNDM-0285,ABNIH28,ABUW_4005,,,,,,,,
204,CP026127.1,pNDM-0285,ABNIH28,ABUW_4006,,,,,,,,
204,CP026127.1,pNDM-0285,ABNIH28,ABUW_4007,,,,,,,,
204,CP026127.1,pNDM-0285,ABNIH28,ABUW_4094,,,,,,,,
205,CP026128.1,pABA-1fe1,ABNIH28,ABUW_4004,,,,,,,,
205,CP026128.1,pABA-1fe1,ABNIH28,ABUW_4005,,,,,,,,
205,CP026128.1,pABA-1fe1,ABNIH28,ABUW_4006,,,,,,,,
205,CP026128.1,pABA-1fe1,ABNIH28,ABUW_4007,,,,,,,,
205,CP026128.1,pABA-1fe1,ABNIH28,ABUW_4094,,,,,,,,
206,CP026129.1,pABA-2f10,ABNIH28,ABUW_4004,,,,,,,,
206,CP026129.1,pABA-2f10,ABNIH28,ABUW_4005,,,,,,,,
206,CP026129.1,pABA-2f10,ABNIH28,ABUW_4006,,,,,,,,
206,CP026129.1,pABA-2f10,ABNIH28,ABUW_4007,,,,,,,,
206,CP026129.1,pABA-2f10,ABNIH28,ABUW_4094,,,,,,,,
207,CP018144.1,pHRAB-85,HRAB-85,ABUW_4004,83.673,,,93,,,,
207,CP018144.1,pHRAB-85,HRAB-85,ABUW_4005,55.975,,,90,,,,
207,CP018144.1,pHRAB-85,HRAB-85,ABUW_4006,51.24,,,96,,,,
207,CP018144.1,pHRAB-85,HRAB-85,ABUW_4007,46.774,,,95,,,,
207,CP018144.1,pHRAB-85,HRAB-85,ABUW_4094,46.591,,,79,,,,
208,CP018255.1,pAF-401,AF-401,ABUW_4004,,,,,,,,
208,CP018255.1,pAF-401,AF-401,ABUW_4005,,,,,,,,
208,CP018255.1,pAF-401,AF-401,ABUW_4006,,,,,,,,
208,CP018255.1,pAF-401,AF-401,ABUW_4007,,,,,,,,
208,CP018255.1,pAF-401,AF-401,ABUW_4094,,,,,,,,
209,CP018257.1,pAF-673,AF-673,ABUW_4004,,,,,,,,
209,CP018257.1,pAF-673,AF-673,ABUW_4005,,,,,,,,
209,CP018257.1,pAF-673,AF-673,ABUW_4006,,,,,,,,
209,CP018257.1,pAF-673,AF-673,ABUW_4007,,,,,,,,
209,CP018257.1,pAF-673,AF-673,ABUW_4094,,,,,,,,
210,CP018333.1,pA1296_1,A1296,ABUW_4004,,,,,,,,
210,CP018333.1,pA1296_1,A1296,ABUW_4005,,,,,,,,
210,CP018333.1,pA1296_1,A1296,ABUW_4006,,,,,,,,
210,CP018333.1,pA1296_1,A1296,ABUW_4007,,,,,,,,
210,CP018333.1,pA1296_1,A1296,ABUW_4094,,,,,,,,
211,CP018334.1,pA1296_2,A1296,ABUW_4004,,,,,,,,
211,CP018334.1,pA1296_2,A1296,ABUW_4005,,,,,,,,
211,CP018334.1,pA1296_2,A1296,ABUW_4006,,,,,,,,
211,CP018334.1,pA1296_2,A1296,ABUW_4007,,,,,,,,
211,CP018334.1,pA1296_2,A1296,ABUW_4094,,,,,,,,
212,CP018422.1,pBJ83,XDR-BJ83,ABUW_4004,83.673,,,93,,,,
212,CP018422.1,pBJ83,XDR-BJ83,ABUW_4005,55.975,,,90,,,,
212,CP018422.1,pBJ83,XDR-BJ83,ABUW_4006,51.24,,,96,,,,
212,CP018422.1,pBJ83,XDR-BJ83,ABUW_4007,46.774,,,95,,,,
212,CP018422.1,pBJ83,XDR-BJ83,ABUW_4094,45.714,,,63,,,,
214,CP020596.1,pHWBA8_1,HWBA8,ABUW_4004,,,,,,,,
214,CP020596.1,pHWBA8_1,HWBA8,ABUW_4005,,,,,,,,
214,CP020596.1,pHWBA8_1,HWBA8,ABUW_4006,,,,,,,,
214,CP020596.1,pHWBA8_1,HWBA8,ABUW_4007,,,,,,,,
214,CP020596.1,pHWBA8_1,HWBA8,ABUW_4094,,,,,,,,
215,CP029573.1,pDA33098-9,HWBA8,ABUW_4004,,,,,,,,
215,CP029573.1,pDA33098-9,HWBA8,ABUW_4005,,,,,,,,
215,CP029573.1,pDA33098-9,HWBA8,ABUW_4006,,,,,,,,
215,CP029573.1,pDA33098-9,HWBA8,ABUW_4007,,,,,,,,
215,CP029573.1,pDA33098-9,HWBA8,ABUW_4094,,,,,,,,
219,AYEX01000118.1,pABUH6a-8.8,CBA7,ABUW_4004,,,,,,,,
219,AYEX01000118.1,pABUH6a-8.8,CBA7,ABUW_4005,,,,,,,,
219,AYEX01000118.1,pABUH6a-8.8,CBA7,ABUW_4006,,,,,,,,
219,AYEX01000118.1,pABUH6a-8.8,CBA7,ABUW_4007,,,,,,,,
219,AYEX01000118.1,pABUH6a-8.8,CBA7,ABUW_4094,,,,,,,,
220,CP020585.1,pCBA7_1,CBA7,ABUW_4004,,,,,,,,
220,CP020585.1,pCBA7_1,CBA7,ABUW_4005,,,,,,,,
220,CP020585.1,pCBA7_1,CBA7,ABUW_4006,,,,,,,,
220,CP020585.1,pCBA7_1,CBA7,ABUW_4007,,,,,,,,
220,CP020585.1,pCBA7_1,CBA7,ABUW_4094,,,,,,,,
223,CP020576.1,pSSA12_2,SSA12,ABUW_4004,,,,,,,,
223,CP020576.1,pSSA12_2,SSA12,ABUW_4005,,,,,,,,
223,CP020576.1,pSSA12_2,SSA12,ABUW_4006,,,,,,,,
223,CP020576.1,pSSA12_2,SSA12,ABUW_4007,,,,,,,,
223,CP020576.1,pSSA12_2,SSA12,ABUW_4094,,,,,,,,
226,JHUI01000005.1,pAB5075,15A5,ABUW_4004,,,,,,,,
226,JHUI01000005.1,pAB5075,15A5,ABUW_4005,,,,,,,,
226,JHUI01000005.1,pAB5075,15A5,ABUW_4006,,,,,,,,
226,JHUI01000005.1,pAB5075,15A5,ABUW_4007,,,,,,,,
226,JHUI01000005.1,pAB5075,15A5,ABUW_4094,,,,,,,,
227,CP021783.1,pA85-1,A85,ABUW_4004,,,,,,,,
227,CP021783.1,pA85-1,A85,ABUW_4005,,,,,,,,
227,CP021783.1,pA85-1,A85,ABUW_4006,,,,,,,,
227,CP021783.1,pA85-1,A85,ABUW_4007,,,,,,,,
227,CP021783.1,pA85-1,A85,ABUW_4094,,,,,,,,
228,CP021784.1,pA85-1a,A85,ABUW_4004,,,,,,,,
228,CP021784.1,pA85-1a,A85,ABUW_4005,,,,,,,,
228,CP021784.1,pA85-1a,A85,ABUW_4006,,,,,,,,
228,CP021784.1,pA85-1a,A85,ABUW_4007,,,,,,,,
228,CP021784.1,pA85-1a,A85,ABUW_4094,,,,,,,,
229,CP021785.1,pA85-1b,A85,ABUW_4004,,,,,,,,
229,CP021785.1,pA85-1b,A85,ABUW_4005,,,,,,,,
229,CP021785.1,pA85-1b,A85,ABUW_4006,,,,,,,,
229,CP021785.1,pA85-1b,A85,ABUW_4007,,,,,,,,
229,CP021785.1,pA85-1b,A85,ABUW_4094,,,,,,,,
230,CP021786.1,pA85-2,A85,ABUW_4004,,,,,,,,
230,CP021786.1,pA85-2,A85,ABUW_4005,,,,,,,,
230,CP021786.1,pA85-2,A85,ABUW_4006,,,,,,,,
230,CP021786.1,pA85-2,A85,ABUW_4007,,,,,,,,
230,CP021786.1,pA85-2,A85,ABUW_4094,,,,,,,,
233,CP082891.1,p2016LNAB1-1,2016LNAB1,ABUW_4004,,,,,,,,
233,CP082891.1,p2016LNAB1-1,2016LNAB1,ABUW_4005,,,,,,,,
233,CP082891.1,p2016LNAB1-1,2016LNAB1,ABUW_4006,,,,,,,,
233,CP082891.1,p2016LNAB1-1,2016LNAB1,ABUW_4007,,,,,,,,
233,CP082891.1,p2016LNAB1-1,2016LNAB1,ABUW_4094,,,,,,,,
234,CP082892.1,p2016LNAB1-2,2016LNAB1,ABUW_4004,83.673,,,93,,,,
234,CP082892.1,p2016LNAB1-2,2016LNAB1,ABUW_4005,55.975,,,90,,,,
234,CP082892.1,p2016LNAB1-2,2016LNAB1,ABUW_4006,51.24,,,96,,,,
234,CP082892.1,p2016LNAB1-2,2016LNAB1,ABUW_4007,46.774,,,95,,,,
234,CP082892.1,p2016LNAB1-2,2016LNAB1,ABUW_4094,46.591,,,79,,,,
235,CP082893.1,p2016LNAB1-3,2016LNAB1,ABUW_4004,,,,,,,,
235,CP082893.1,p2016LNAB1-3,2016LNAB1,ABUW_4005,,,,,,,,
235,CP082893.1,p2016LNAB1-3,2016LNAB1,ABUW_4006,,,,,,,,
235,CP082893.1,p2016LNAB1-3,2016LNAB1,ABUW_4007,,,,,,,,
235,CP082893.1,p2016LNAB1-3,2016LNAB1,ABUW_4094,,,,,,,,
236,MH362813.1,pO237-2,11A1213CRGN055,ABUW_4004,,,,,,,,
236,MH362813.1,pO237-2,11A1213CRGN055,ABUW_4005,,,,,,,,
236,MH362813.1,pO237-2,11A1213CRGN055,ABUW_4006,,,,,,,,
236,MH362813.1,pO237-2,11A1213CRGN055,ABUW_4007,,,,,,,,
236,MH362813.1,pO237-2,11A1213CRGN055,ABUW_4094,,,,,,,,
237,MH362812.1,pO237-1,11A1213CRGN008,ABUW_4004,,,,,,,,
237,MH362812.1,pO237-1,11A1213CRGN008,ABUW_4005,,,,,,,,
237,MH362812.1,pO237-1,11A1213CRGN008,ABUW_4006,,,,,,,,
237,MH362812.1,pO237-1,11A1213CRGN008,ABUW_4007,,,,,,,,
237,MH362812.1,pO237-1,11A1213CRGN008,ABUW_4094,,,,,,,,
238,MH362811.1,pO237-3,11A1314CRGN088,ABUW_4004,,,,,,,,
238,MH362811.1,pO237-3,11A1314CRGN088,ABUW_4005,,,,,,,,
238,MH362811.1,pO237-3,11A1314CRGN088,ABUW_4006,,,,,,,,
238,MH362811.1,pO237-3,11A1314CRGN088,ABUW_4007,,,,,,,,
238,MH362811.1,pO237-3,11A1314CRGN088,ABUW_4094,,,,,,,,
239,CP023032.1,pAba7847a,7847,ABUW_4004,,,,,,,,
239,CP023032.1,pAba7847a,7847,ABUW_4005,,,,,,,,
239,CP023032.1,pAba7847a,7847,ABUW_4006,,,,,,,,
239,CP023032.1,pAba7847a,7847,ABUW_4007,,,,,,,,
239,CP023032.1,pAba7847a,7847,ABUW_4094,,,,,,,,
241,CP022284.1,pAba7804a,7804,ABUW_4004,,,,,,,,
241,CP022284.1,pAba7804a,7804,ABUW_4005,,,,,,,,
241,CP022284.1,pAba7804a,7804,ABUW_4006,,,,,,,,
241,CP022284.1,pAba7804a,7804,ABUW_4007,,,,,,,,
241,CP022284.1,pAba7804a,7804,ABUW_4094,,,,,,,,
242,CP022285.1,pAba7804b,7804,ABUW_4004,,,,,,,,
242,CP022285.1,pAba7804b,7804,ABUW_4005,,,,,,,,
242,CP022285.1,pAba7804b,7804,ABUW_4006,,,,,,,,
242,CP022285.1,pAba7804b,7804,ABUW_4007,,,,,,,,
242,CP022285.1,pAba7804b,7804,ABUW_4094,,,,,,,,
243,CP024125.1,pAYP-A2,AYP-A2,ABUW_4004,,,,,,,,
243,CP024125.1,pAYP-A2,AYP-A2,ABUW_4005,,,,,,,,
243,CP024125.1,pAYP-A2,AYP-A2,ABUW_4006,,,,,,,,
243,CP024125.1,pAYP-A2,AYP-A2,ABUW_4007,,,,,,,,
243,CP024125.1,pAYP-A2,AYP-A2,ABUW_4094,,,,,,,,
244,KY984045.1,pAb242_9,AB242,ABUW_4004,,,,,,,,
244,KY984045.1,pAb242_9,AB242,ABUW_4005,,,,,,,,
244,KY984045.1,pAb242_9,AB242,ABUW_4006,,,,,,,,
244,KY984045.1,pAb242_9,AB242,ABUW_4007,,,,,,,,
244,KY984045.1,pAb242_9,AB242,ABUW_4094,,,,,,,,
245,KY984046.1,pAb242_12,AB242,ABUW_4004,,,,,,,,
245,KY984046.1,pAb242_12,AB242,ABUW_4005,,,,,,,,
245,KY984046.1,pAb242_12,AB242,ABUW_4006,,,,,,,,
245,KY984046.1,pAb242_12,AB242,ABUW_4007,,,,,,,,
245,KY984046.1,pAb242_12,AB242,ABUW_4094,,,,,,,,
246,KY984047.1,pAb242_25,AB242,ABUW_4004,,,,,,,,
246,KY984047.1,pAb242_25,AB242,ABUW_4005,,,,,,,,
246,KY984047.1,pAb242_25,AB242,ABUW_4006,,,,,,,,
246,KY984047.1,pAb242_25,AB242,ABUW_4007,,,,,,,,
246,KY984047.1,pAb242_25,AB242,ABUW_4094,,,,,,,,
247,KY984047.1,pAb242_25,AB242,ABUW_4004,,,,,,,,
247,KY984047.1,pAb242_25,AB242,ABUW_4005,,,,,,,,
247,KY984047.1,pAb242_25,AB242,ABUW_4006,,,,,,,,
247,KY984047.1,pAb242_25,AB242,ABUW_4007,,,,,,,,
247,KY984047.1,pAb242_25,AB242,ABUW_4094,,,,,,,,
248,CP023035.1,pAba5845a,5845,ABUW_4004,,,,,,,,
248,CP023035.1,pAba5845a,5845,ABUW_4005,,,,,,,,
248,CP023035.1,pAba5845a,5845,ABUW_4006,,,,,,,,
248,CP023035.1,pAba5845a,5845,ABUW_4007,,,,,,,,
248,CP023035.1,pAba5845a,5845,ABUW_4094,,,,,,,,
250,CP023027.1,pAba10042a,10042,ABUW_4004,,,,,,,,
250,CP023027.1,pAba10042a,10042,ABUW_4005,,,,,,,,
250,CP023027.1,pAba10042a,10042,ABUW_4006,,,,,,,,
250,CP023027.1,pAba10042a,10042,ABUW_4007,,,,,,,,
250,CP023027.1,pAba10042a,10042,ABUW_4094,,,,,,,,
252,CP033244.1,pAba7835a,7835,ABUW_4004,,,,,,,,
252,CP033244.1,pAba7835a,7835,ABUW_4005,,,,,,,,
252,CP033244.1,pAba7835a,7835,ABUW_4006,,,,,,,,
252,CP033244.1,pAba7835a,7835,ABUW_4007,,,,,,,,
252,CP033244.1,pAba7835a,7835,ABUW_4094,,,,,,,,
254,CP023021.1,pAba9201a,9201,ABUW_4004,,,,,,,,
254,CP023021.1,pAba9201a,9201,ABUW_4005,,,,,,,,
254,CP023021.1,pAba9201a,9201,ABUW_4006,,,,,,,,
254,CP023021.1,pAba9201a,9201,ABUW_4007,,,,,,,,
254,CP023021.1,pAba9201a,9201,ABUW_4094,,,,,,,,
255,CP023023.1,pAba10324a,10324,ABUW_4004,,,,,,,,
255,CP023023.1,pAba10324a,10324,ABUW_4005,,,,,,,,
255,CP023023.1,pAba10324a,10324,ABUW_4006,,,,,,,,
255,CP023023.1,pAba10324a,10324,ABUW_4007,,,,,,,,
255,CP023023.1,pAba10324a,10324,ABUW_4094,,,,,,,,
256,CP023024.1,pAba10324b,10324,ABUW_4004,,,,,,,,
256,CP023024.1,pAba10324b,10324,ABUW_4005,,,,,,,,
256,CP023024.1,pAba10324b,10324,ABUW_4006,,,,,,,,
256,CP023024.1,pAba10324b,10324,ABUW_4007,,,,,,,,
256,CP023024.1,pAba10324b,10324,ABUW_4094,,,,,,,,
257,CP023025.1,pAba10324c,10324,ABUW_4004,,,,,,,,
257,CP023025.1,pAba10324c,10324,ABUW_4005,,,,,,,,
257,CP023025.1,pAba10324c,10324,ABUW_4006,,,,,,,,
257,CP023025.1,pAba10324c,10324,ABUW_4007,,,,,,,,
257,CP023025.1,pAba10324c,10324,ABUW_4094,,,,,,,,
258,CP026339.1,pAba810CPb,810CP,ABUW_4004,,,,,,,,
258,CP026339.1,pAba810CPb,810CP,ABUW_4005,,,,,,,,
258,CP026339.1,pAba810CPb,810CP,ABUW_4006,,,,,,,,
258,CP026339.1,pAba810CPb,810CP,ABUW_4007,,,,,,,,
258,CP026339.1,pAba810CPb,810CP,ABUW_4094,,,,,,,,
259,CP026340.1,pAba810CPa,810CP,ABUW_4004,,,,,,,,
259,CP026340.1,pAba810CPa,810CP,ABUW_4005,,,,,,,,
259,CP026340.1,pAba810CPa,810CP,ABUW_4006,,,,,,,,
259,CP026340.1,pAba810CPa,810CP,ABUW_4007,,,,,,,,
259,CP026340.1,pAba810CPa,810CP,ABUW_4094,,,,,,,,
260,CM009924.1,pAba70743_1,CCUG 70743,ABUW_4004,,,,,,,,
260,CM009924.1,pAba70743_1,CCUG 70743,ABUW_4005,,,,,,,,
260,CM009924.1,pAba70743_1,CCUG 70743,ABUW_4006,,,,,,,,
260,CM009924.1,pAba70743_1,CCUG 70743,ABUW_4007,,,,,,,,
260,CM009924.1,pAba70743_1,CCUG 70743,ABUW_4094,,,,,,,,
261,CP027483.1,pABI43,I43,ABUW_4004,,,,,,,,
261,CP027483.1,pABI43,I43,ABUW_4005,,,,,,,,
261,CP027483.1,pABI43,I43,ABUW_4006,,,,,,,,
261,CP027483.1,pABI43,I43,ABUW_4007,,,,,,,,
261,CP027483.1,pABI43,I43,ABUW_4094,,,,,,,,
262,AYFI01000019.1,pABUH6b-10,A388,ABUW_4004,,,,,,,,
262,AYFI01000019.1,pABUH6b-10,A388,ABUW_4005,,,,,,,,
262,AYFI01000019.1,pABUH6b-10,A388,ABUW_4006,,,,,,,,
262,AYFI01000019.1,pABUH6b-10,A388,ABUW_4007,,,,,,,,
262,AYFI01000019.1,pABUH6b-10,A388,ABUW_4094,,,,,,,,
263,CP024419.1,pA388,A388,ABUW_4004,,,,,,,,
263,CP024419.1,pA388,A388,ABUW_4005,,,,,,,,
263,CP024419.1,pA388,A388,ABUW_4006,,,,,,,,
263,CP024419.1,pA388,A388,ABUW_4007,,,,,,,,
263,CP024419.1,pA388,A388,ABUW_4094,,,,,,,,
264,CP024419.1,pA388,A388,ABUW_4004,,,,,,,,
264,CP024419.1,pA388,A388,ABUW_4005,,,,,,,,
264,CP024419.1,pA388,A388,ABUW_4006,,,,,,,,
264,CP024419.1,pA388,A388,ABUW_4007,,,,,,,,
264,CP024419.1,pA388,A388,ABUW_4094,,,,,,,,
265,CM012225.1,pAB13-41,PIMB13AB-41,ABUW_4004,,,,,,,,
265,CM012225.1,pAB13-41,PIMB13AB-41,ABUW_4005,,,,,,,,
265,CM012225.1,pAB13-41,PIMB13AB-41,ABUW_4006,,,,,,,,
265,CM012225.1,pAB13-41,PIMB13AB-41,ABUW_4007,,,,,,,,
265,CM012225.1,pAB13-41,PIMB13AB-41,ABUW_4094,,,,,,,,
266,CP024577.1,pAbPK1a,AbPK1,ABUW_4004,,,,,,,,
266,CP024577.1,pAbPK1a,AbPK1,ABUW_4005,,,,,,,,
266,CP024577.1,pAbPK1a,AbPK1,ABUW_4006,,,,,,,,
266,CP024577.1,pAbPK1a,AbPK1,ABUW_4007,,,,,,,,
266,CP024577.1,pAbPK1a,AbPK1,ABUW_4094,,,,,,,,
268,CP035673.1,pVB23193,VB23193,ABUW_4004,,,,,,,,
268,CP035673.1,pVB23193,VB23193,ABUW_4005,,,,,,,,
268,CP035673.1,pVB23193,VB23193,ABUW_4006,,,,,,,,
268,CP035673.1,pVB23193,VB23193,ABUW_4007,,,,,,,,
268,CP035673.1,pVB23193,VB23193,ABUW_4094,,,,,,,,
269,CP026944.1,pAbS1_01,S1,ABUW_4004,,,,,,,,
269,CP026944.1,pAbS1_01,S1,ABUW_4005,,,,,,,,
269,CP026944.1,pAbS1_01,S1,ABUW_4006,,,,,,,,
269,CP026944.1,pAbS1_01,S1,ABUW_4007,,,,,,,,
269,CP026944.1,pAbS1_01,S1,ABUW_4094,,,,,,,,
270,CP026945.1,pAbS1_02,S1,ABUW_4004,,,,,,,,
270,CP026945.1,pAbS1_02,S1,ABUW_4005,,,,,,,,
270,CP026945.1,pAbS1_02,S1,ABUW_4006,,,,,,,,
270,CP026945.1,pAbS1_02,S1,ABUW_4007,,,,,,,,
270,CP026945.1,pAbS1_02,S1,ABUW_4094,,,,,,,,
272,CM008887.2,p1ZQ1,ZQ1,ABUW_4004,,,,,,,,
272,CM008887.2,p1ZQ1,ZQ1,ABUW_4005,,,,,,,,
272,CM008887.2,p1ZQ1,ZQ1,ABUW_4006,,,,,,,,
272,CM008887.2,p1ZQ1,ZQ1,ABUW_4007,,,,,,,,
272,CM008887.2,p1ZQ1,ZQ1,ABUW_4094,,,,,,,,
275,CM009049.2,p1ZQ2,ZQ2,ABUW_4004,,,,,,,,
275,CM009049.2,p1ZQ2,ZQ2,ABUW_4005,,,,,,,,
275,CM009049.2,p1ZQ2,ZQ2,ABUW_4006,,,,,,,,
275,CM009049.2,p1ZQ2,ZQ2,ABUW_4007,,,,,,,,
275,CM009049.2,p1ZQ2,ZQ2,ABUW_4094,,,,,,,,
276,CM009050.2,p4ZQ2,ZQ2,ABUW_4004,,,,,,,,
276,CM009050.2,p4ZQ2,ZQ2,ABUW_4005,,,,,,,,
276,CM009050.2,p4ZQ2,ZQ2,ABUW_4006,,,,,,,,
276,CM009050.2,p4ZQ2,ZQ2,ABUW_4007,,,,,,,,
276,CM009050.2,p4ZQ2,ZQ2,ABUW_4094,,,,,,,,
277,CM009647.1,p2ZQ2,ZQ2,ABUW_4004,,,,,,,,
277,CM009647.1,p2ZQ2,ZQ2,ABUW_4005,,,,,,,,
277,CM009647.1,p2ZQ2,ZQ2,ABUW_4006,,,,,,,,
277,CM009647.1,p2ZQ2,ZQ2,ABUW_4007,,,,,,,,
277,CM009647.1,p2ZQ2,ZQ2,ABUW_4094,,,,,,,,
278,CM009648.1,p3ZQ2,ZQ2,ABUW_4004,,,,,,,,
278,CM009648.1,p3ZQ2,ZQ2,ABUW_4005,,,,,,,,
278,CM009648.1,p3ZQ2,ZQ2,ABUW_4006,,,,,,,,
278,CM009648.1,p3ZQ2,ZQ2,ABUW_4007,,,,,,,,
278,CM009648.1,p3ZQ2,ZQ2,ABUW_4094,,,,,,,,
279,CM009028.2,p1ZQ3,ZQ3,ABUW_4004,,,,,,,,
279,CM009028.2,p1ZQ3,ZQ3,ABUW_4005,,,,,,,,
279,CM009028.2,p1ZQ3,ZQ3,ABUW_4006,,,,,,,,
279,CM009028.2,p1ZQ3,ZQ3,ABUW_4007,,,,,,,,
279,CM009028.2,p1ZQ3,ZQ3,ABUW_4094,,,,,,,,
280,CM009029.2,p3ZQ3,ZQ3,ABUW_4004,,,,,,,,
280,CM009029.2,p3ZQ3,ZQ3,ABUW_4005,,,,,,,,
280,CM009029.2,p3ZQ3,ZQ3,ABUW_4006,,,,,,,,
280,CM009029.2,p3ZQ3,ZQ3,ABUW_4007,,,,,,,,
280,CM009029.2,p3ZQ3,ZQ3,ABUW_4094,,,,,,,,
282,CM009651.1,p5ZQ3,ZQ3,ABUW_4004,,,,,,,,
282,CM009651.1,p5ZQ3,ZQ3,ABUW_4005,,,,,,,,
282,CM009651.1,p5ZQ3,ZQ3,ABUW_4006,,,,,,,,
282,CM009651.1,p5ZQ3,ZQ3,ABUW_4007,,,,,,,,
282,CM009651.1,p5ZQ3,ZQ3,ABUW_4094,,,,,,,,
283,CM009045.2,p1ZQ4,ZQ4,ABUW_4004,,,,,,,,
283,CM009045.2,p1ZQ4,ZQ4,ABUW_4005,,,,,,,,
283,CM009045.2,p1ZQ4,ZQ4,ABUW_4006,,,,,,,,
283,CM009045.2,p1ZQ4,ZQ4,ABUW_4007,,,,,,,,
283,CM009045.2,p1ZQ4,ZQ4,ABUW_4094,,,,,,,,
284,CM009046.2,p2ZQ4,ZQ4,ABUW_4004,,,,,,,,
284,CM009046.2,p2ZQ4,ZQ4,ABUW_4005,,,,,,,,
284,CM009046.2,p2ZQ4,ZQ4,ABUW_4006,,,,,,,,
284,CM009046.2,p2ZQ4,ZQ4,ABUW_4007,,,,,,,,
284,CM009046.2,p2ZQ4,ZQ4,ABUW_4094,,,,,,,,
285,CM009043.2,p2ZQ5,ZQ5,ABUW_4004,,,,,,,,
285,CM009043.2,p2ZQ5,ZQ5,ABUW_4005,,,,,,,,
285,CM009043.2,p2ZQ5,ZQ5,ABUW_4006,,,,,,,,
285,CM009043.2,p2ZQ5,ZQ5,ABUW_4007,,,,,,,,
285,CM009043.2,p2ZQ5,ZQ5,ABUW_4094,,,,,,,,
286,CM009683.1,p4ZQ5,ZQ5,ABUW_4004,,,,,,,,
286,CM009683.1,p4ZQ5,ZQ5,ABUW_4005,,,,,,,,
286,CM009683.1,p4ZQ5,ZQ5,ABUW_4006,,,,,,,,
286,CM009683.1,p4ZQ5,ZQ5,ABUW_4007,,,,,,,,
286,CM009683.1,p4ZQ5,ZQ5,ABUW_4094,,,,,,,,
287,CM009038.2,p1ZQ6,ZQ6,ABUW_4004,,,,,,,,
287,CM009038.2,p1ZQ6,ZQ6,ABUW_4005,,,,,,,,
287,CM009038.2,p1ZQ6,ZQ6,ABUW_4006,,,,,,,,
287,CM009038.2,p1ZQ6,ZQ6,ABUW_4007,,,,,,,,
287,CM009038.2,p1ZQ6,ZQ6,ABUW_4094,,,,,,,,
288,CM009039.2,p2ZQ6,ZQ6,ABUW_4004,,,,,,,,
288,CM009039.2,p2ZQ6,ZQ6,ABUW_4005,,,,,,,,
288,CM009039.2,p2ZQ6,ZQ6,ABUW_4006,,,,,,,,
288,CM009039.2,p2ZQ6,ZQ6,ABUW_4007,,,,,,,,
288,CM009039.2,p2ZQ6,ZQ6,ABUW_4094,,,,,,,,
289,CM009041.2,p4ZQ6,ZQ6,ABUW_4004,,,,,,,,
289,CM009041.2,p4ZQ6,ZQ6,ABUW_4005,,,,,,,,
289,CM009041.2,p4ZQ6,ZQ6,ABUW_4006,,,,,,,,
289,CM009041.2,p4ZQ6,ZQ6,ABUW_4007,,,,,,,,
289,CM009041.2,p4ZQ6,ZQ6,ABUW_4094,,,,,,,,
290,CM009653.1,p5ZQ6,ZQ6,ABUW_4004,,,,,,,,
290,CM009653.1,p5ZQ6,ZQ6,ABUW_4005,,,,,,,,
290,CM009653.1,p5ZQ6,ZQ6,ABUW_4006,,,,,,,,
290,CM009653.1,p5ZQ6,ZQ6,ABUW_4007,,,,,,,,
290,CM009653.1,p5ZQ6,ZQ6,ABUW_4094,,,,,,,,
291,CM009036.2,p1ZQ7,ZQ7,ABUW_4004,,,,,,,,
291,CM009036.2,p1ZQ7,ZQ7,ABUW_4005,,,,,,,,
291,CM009036.2,p1ZQ7,ZQ7,ABUW_4006,,,,,,,,
291,CM009036.2,p1ZQ7,ZQ7,ABUW_4007,,,,,,,,
291,CM009036.2,p1ZQ7,ZQ7,ABUW_4094,,,,,,,,
292,CM009033.2,p1ZQ8,ZQ8,ABUW_4004,,,,,,,,
292,CM009033.2,p1ZQ8,ZQ8,ABUW_4005,,,,,,,,
292,CM009033.2,p1ZQ8,ZQ8,ABUW_4006,,,,,,,,
292,CM009033.2,p1ZQ8,ZQ8,ABUW_4007,,,,,,,,
292,CM009033.2,p1ZQ8,ZQ8,ABUW_4094,,,,,,,,
293,CM009034.2,p2ZQ8,ZQ8,ABUW_4004,,,,,,,,
293,CM009034.2,p2ZQ8,ZQ8,ABUW_4005,,,,,,,,
293,CM009034.2,p2ZQ8,ZQ8,ABUW_4006,,,,,,,,
293,CM009034.2,p2ZQ8,ZQ8,ABUW_4007,,,,,,,,
293,CM009034.2,p2ZQ8,ZQ8,ABUW_4094,,,,,,,,
294,CM009035.2,p3ZQ8,ZQ8,ABUW_4004,,,,,,,,
294,CM009035.2,p3ZQ8,ZQ8,ABUW_4005,,,,,,,,
294,CM009035.2,p3ZQ8,ZQ8,ABUW_4006,,,,,,,,
294,CM009035.2,p3ZQ8,ZQ8,ABUW_4007,,,,,,,,
294,CM009035.2,p3ZQ8,ZQ8,ABUW_4094,,,,,,,,
295,CM009083.3,p1ZQ9,ZQ9,ABUW_4004,,,,,,,,
295,CM009083.3,p1ZQ9,ZQ9,ABUW_4005,,,,,,,,
295,CM009083.3,p1ZQ9,ZQ9,ABUW_4006,,,,,,,,
295,CM009083.3,p1ZQ9,ZQ9,ABUW_4007,,,,,,,,
295,CM009083.3,p1ZQ9,ZQ9,ABUW_4094,,,,,,,,
296,CM009083.3,p1ZQ9,ZQ9,ABUW_4004,,,,,,,,
296,CM009083.3,p1ZQ9,ZQ9,ABUW_4005,,,,,,,,
296,CM009083.3,p1ZQ9,ZQ9,ABUW_4006,,,,,,,,
296,CM009083.3,p1ZQ9,ZQ9,ABUW_4007,,,,,,,,
296,CM009083.3,p1ZQ9,ZQ9,ABUW_4094,,,,,,,,
297,CM009085.3,p3ZQ9,ZQ9,ABUW_4004,,,,,,,,
297,CM009085.3,p3ZQ9,ZQ9,ABUW_4005,,,,,,,,
297,CM009085.3,p3ZQ9,ZQ9,ABUW_4006,,,,,,,,
297,CM009085.3,p3ZQ9,ZQ9,ABUW_4007,,,,,,,,
297,CM009085.3,p3ZQ9,ZQ9,ABUW_4094,,,,,,,,
298,CM009652.1,p4ZQ9,ZQ9,ABUW_4004,,,,,,,,
298,CM009652.1,p4ZQ9,ZQ9,ABUW_4005,,,,,,,,
298,CM009652.1,p4ZQ9,ZQ9,ABUW_4006,,,,,,,,
298,CM009652.1,p4ZQ9,ZQ9,ABUW_4007,,,,,,,,
298,CM009652.1,p4ZQ9,ZQ9,ABUW_4094,,,,,,,,
299,CM009030.2,p1ZQ10,ZQ10,ABUW_4004,,,,,,,,
299,CM009030.2,p1ZQ10,ZQ10,ABUW_4005,,,,,,,,
299,CM009030.2,p1ZQ10,ZQ10,ABUW_4006,,,,,,,,
299,CM009030.2,p1ZQ10,ZQ10,ABUW_4007,,,,,,,,
299,CM009030.2,p1ZQ10,ZQ10,ABUW_4094,,,,,,,,
300,CM009030.2,p1ZQ10,ZQ10,ABUW_4004,,,,,,,,
300,CM009030.2,p1ZQ10,ZQ10,ABUW_4005,,,,,,,,
300,CM009030.2,p1ZQ10,ZQ10,ABUW_4006,,,,,,,,
300,CM009030.2,p1ZQ10,ZQ10,ABUW_4007,,,,,,,,
300,CM009030.2,p1ZQ10,ZQ10,ABUW_4094,,,,,,,,
301,CM009031.2,p2ZQ10,ZQ10,ABUW_4004,,,,,,,,
301,CM009031.2,p2ZQ10,ZQ10,ABUW_4005,,,,,,,,
301,CM009031.2,p2ZQ10,ZQ10,ABUW_4006,,,,,,,,
301,CM009031.2,p2ZQ10,ZQ10,ABUW_4007,,,,,,,,
301,CM009031.2,p2ZQ10,ZQ10,ABUW_4094,,,,,,,,
302,CM009646.1,p3ZQ10,ZQ10,ABUW_4004,,,,,,,,
302,CM009646.1,p3ZQ10,ZQ10,ABUW_4005,,,,,,,,
302,CM009646.1,p3ZQ10,ZQ10,ABUW_4006,,,,,,,,
302,CM009646.1,p3ZQ10,ZQ10,ABUW_4007,,,,,,,,
302,CM009646.1,p3ZQ10,ZQ10,ABUW_4094,,,,,,,,
304,CP027244.1,p2_005078,WCHAB005078,ABUW_4004,,,,,,,,
304,CP027244.1,p2_005078,WCHAB005078,ABUW_4005,,,,,,,,
304,CP027244.1,p2_005078,WCHAB005078,ABUW_4006,,,,,,,,
304,CP027244.1,p2_005078,WCHAB005078,ABUW_4007,,,,,,,,
304,CP027244.1,p2_005078,WCHAB005078,ABUW_4094,,,,,,,,
305,CP027245.2,pOXA58_005078,WCHAB005078,ABUW_4004,,,,,,,,
305,CP027245.2,pOXA58_005078,WCHAB005078,ABUW_4005,,,,,,,,
305,CP027245.2,pOXA58_005078,WCHAB005078,ABUW_4006,,,,,,,,
305,CP027245.2,pOXA58_005078,WCHAB005078,ABUW_4007,,,,,,,,
305,CP027245.2,pOXA58_005078,WCHAB005078,ABUW_4094,,,,,,,,
306,CP026748.1,p1_005133,WCHAB005133,ABUW_4004,,,,,,,,
306,CP026748.1,p1_005133,WCHAB005133,ABUW_4005,,,,,,,,
306,CP026748.1,p1_005133,WCHAB005133,ABUW_4006,,,,,,,,
306,CP026748.1,p1_005133,WCHAB005133,ABUW_4007,,,,,,,,
306,CP026748.1,p1_005133,WCHAB005133,ABUW_4094,,,,,,,,
307,CP026749.2,"pOXA58_005133,",WCHAB005133,ABUW_4004,,,,,,,,
307,CP026749.2,"pOXA58_005133,",WCHAB005133,ABUW_4005,,,,,,,,
307,CP026749.2,"pOXA58_005133,",WCHAB005133,ABUW_4006,,,,,,,,
307,CP026749.2,"pOXA58_005133,",WCHAB005133,ABUW_4007,,,,,,,,
307,CP026749.2,"pOXA58_005133,",WCHAB005133,ABUW_4094,,,,,,,,
308,CP028139.1,pAbNCIMB8209_134,NCIMB 8209,ABUW_4004,,,,,,,,
308,CP028139.1,pAbNCIMB8209_134,NCIMB 8209,ABUW_4005,,,,,,,,
308,CP028139.1,pAbNCIMB8209_134,NCIMB 8209,ABUW_4006,,,,,,,,
308,CP028139.1,pAbNCIMB8209_134,NCIMB 8209,ABUW_4007,,,,,,,,
308,CP028139.1,pAbNCIMB8209_134,NCIMB 8209,ABUW_4094,,,,,,,,
309,CP042206.1,pTS4568,DS002,ABUW_4004,,,,,,,,
309,CP042206.1,pTS4568,DS002,ABUW_4005,,,,,,,,
309,CP042206.1,pTS4568,DS002,ABUW_4006,,,,,,,,
309,CP042206.1,pTS4568,DS002,ABUW_4007,,,,,,,,
309,CP042206.1,pTS4568,DS002,ABUW_4094,,,,,,,,
310,CP042207.1,pTS9900,DS002,ABUW_4004,,,,,,,,
310,CP042207.1,pTS9900,DS002,ABUW_4005,,,,,,,,
310,CP042207.1,pTS9900,DS002,ABUW_4006,,,,,,,,
310,CP042207.1,pTS9900,DS002,ABUW_4007,,,,,,,,
310,CP042207.1,pTS9900,DS002,ABUW_4094,,,,,,,,
311,CP042208.1,pTS11291,DS002,ABUW_4004,,,,,,,,
311,CP042208.1,pTS11291,DS002,ABUW_4005,,,,,,,,
311,CP042208.1,pTS11291,DS002,ABUW_4006,,,,,,,,
311,CP042208.1,pTS11291,DS002,ABUW_4007,,,,,,,,
311,CP042208.1,pTS11291,DS002,ABUW_4094,,,,,,,,
312,CP042209.1,pTS37365,DS002,ABUW_4004,,,,,,,,
312,CP042209.1,pTS37365,DS002,ABUW_4005,,,,,,,,
312,CP042209.1,pTS37365,DS002,ABUW_4006,,,,,,,,
312,CP042209.1,pTS37365,DS002,ABUW_4007,,,,,,,,
312,CP042209.1,pTS37365,DS002,ABUW_4094,,,,,,,,
313,CP042210.1,pTS134338,DS002,ABUW_4004,,,,,,,,
313,CP042210.1,pTS134338,DS002,ABUW_4005,,,,,,,,
313,CP042210.1,pTS134338,DS002,ABUW_4006,,,,,,,,
313,CP042210.1,pTS134338,DS002,ABUW_4007,,,,,,,,
313,CP042210.1,pTS134338,DS002,ABUW_4094,,,,,,,,
314,JN872565.1,pTS236,DS002,ABUW_4004,,,,,,,,
314,JN872565.1,pTS236,DS002,ABUW_4005,,,,,,,,
314,JN872565.1,pTS236,DS002,ABUW_4006,,,,,,,,
314,JN872565.1,pTS236,DS002,ABUW_4007,,,,,,,,
314,JN872565.1,pTS236,DS002,ABUW_4094,,,,,,,,
315,CP065433.1,pAB17961-1,ATCC 17961,ABUW_4004,,,,,,,,
315,CP065433.1,pAB17961-1,ATCC 17961,ABUW_4005,,,,,,,,
315,CP065433.1,pAB17961-1,ATCC 17961,ABUW_4006,,,,,,,,
315,CP065433.1,pAB17961-1,ATCC 17961,ABUW_4007,,,,,,,,
315,CP065433.1,pAB17961-1,ATCC 17961,ABUW_4094,,,,,,,,
316,CP065434.1,pAB17961-2,ATCC 17961,ABUW_4004,,,,,,,,
316,CP065434.1,pAB17961-2,ATCC 17961,ABUW_4005,,,,,,,,
316,CP065434.1,pAB17961-2,ATCC 17961,ABUW_4006,,,,,,,,
316,CP065434.1,pAB17961-2,ATCC 17961,ABUW_4007,,,,,,,,
316,CP065434.1,pAB17961-2,ATCC 17961,ABUW_4094,,,,,,,,
317,CP029570.1,pDA33098-108,DA33098,ABUW_4004,,,,,,,,
317,CP029570.1,pDA33098-108,DA33098,ABUW_4005,,,,,,,,
317,CP029570.1,pDA33098-108,DA33098,ABUW_4006,,,,,,,,
317,CP029570.1,pDA33098-108,DA33098,ABUW_4007,,,,,,,,
317,CP029570.1,pDA33098-108,DA33098,ABUW_4094,,,,,,,,
319,CP029572.1,pDA33098-9-2,DA33098,ABUW_4004,,,,,,,,
319,CP029572.1,pDA33098-9-2,DA33098,ABUW_4005,,,,,,,,
319,CP029572.1,pDA33098-9-2,DA33098,ABUW_4006,,,,,,,,
319,CP029572.1,pDA33098-9-2,DA33098,ABUW_4007,,,,,,,,
319,CP029572.1,pDA33098-9-2,DA33098,ABUW_4094,,,,,,,,
320,CP031381.2,pACICU1b,ACICU,ABUW_4004,,,,,,,,
320,CP031381.2,pACICU1b,ACICU,ABUW_4005,,,,,,,,
320,CP031381.2,pACICU1b,ACICU,ABUW_4006,,,,,,,,
320,CP031381.2,pACICU1b,ACICU,ABUW_4007,,,,,,,,
320,CP031381.2,pACICU1b,ACICU,ABUW_4094,,,,,,,,
321,CP031381.2,pACICU1b,ACICU,ABUW_4004,,,,,,,,
321,CP031381.2,pACICU1b,ACICU,ABUW_4005,,,,,,,,
321,CP031381.2,pACICU1b,ACICU,ABUW_4006,,,,,,,,
321,CP031381.2,pACICU1b,ACICU,ABUW_4007,,,,,,,,
321,CP031381.2,pACICU1b,ACICU,ABUW_4094,,,,,,,,
323,CP030107.1,pDA33382-2-2,DA33382,ABUW_4004,,,,,,,,
323,CP030107.1,pDA33382-2-2,DA33382,ABUW_4005,,,,,,,,
323,CP030107.1,pDA33382-2-2,DA33382,ABUW_4006,,,,,,,,
323,CP030107.1,pDA33382-2-2,DA33382,ABUW_4007,,,,,,,,
323,CP030107.1,pDA33382-2-2,DA33382,ABUW_4094,,,,,,,,
324,CP030108.1,pDA33382-2,DA33382,ABUW_4004,,,,,,,,
324,CP030108.1,pDA33382-2,DA33382,ABUW_4005,,,,,,,,
324,CP030108.1,pDA33382-2,DA33382,ABUW_4006,,,,,,,,
324,CP030108.1,pDA33382-2,DA33382,ABUW_4007,,,,,,,,
324,CP030108.1,pDA33382-2,DA33382,ABUW_4094,,,,,,,,
326,CP031445.1,pMDR-UNC,MDR-UNC,ABUW_4004,,,,,,,,
326,CP031445.1,pMDR-UNC,MDR-UNC,ABUW_4005,,,,,,,,
326,CP031445.1,pMDR-UNC,MDR-UNC,ABUW_4006,,,,,,,,
326,CP031445.1,pMDR-UNC,MDR-UNC,ABUW_4007,,,,,,,,
326,CP031445.1,pMDR-UNC,MDR-UNC,ABUW_4094,,,,,,,,
327,CP031446.1,pAB120,MDR-UNC,ABUW_4004,,,,,,,,
327,CP031446.1,pAB120,MDR-UNC,ABUW_4005,,,,,,,,
327,CP031446.1,pAB120,MDR-UNC,ABUW_4006,,,,,,,,
327,CP031446.1,pAB120,MDR-UNC,ABUW_4007,,,,,,,,
327,CP031446.1,pAB120,MDR-UNC,ABUW_4094,,,,,,,,
328,CP032217.1,p2UPAB1,UPAB1,ABUW_4004,,,,,,,,
328,CP032217.1,p2UPAB1,UPAB1,ABUW_4005,,,,,,,,
328,CP032217.1,p2UPAB1,UPAB1,ABUW_4006,,,,,,,,
328,CP032217.1,p2UPAB1,UPAB1,ABUW_4007,,,,,,,,
328,CP032217.1,p2UPAB1,UPAB1,ABUW_4094,,,,,,,,
329,CP032218.1,pAB5,UPAB1,ABUW_4004,,,,,,,,
329,CP032218.1,pAB5,UPAB1,ABUW_4005,,,,,,,,
329,CP032218.1,pAB5,UPAB1,ABUW_4006,,,,,,,,
329,CP032218.1,pAB5,UPAB1,ABUW_4007,,,,,,,,
329,CP032218.1,pAB5,UPAB1,ABUW_4094,,,,,,,,
330,CP032220.1,p1UPAB1,UPAB1,ABUW_4004,,,,,,,,
330,CP032220.1,p1UPAB1,UPAB1,ABUW_4005,,,,,,,,
330,CP032220.1,p1UPAB1,UPAB1,ABUW_4006,,,,,,,,
330,CP032220.1,p1UPAB1,UPAB1,ABUW_4007,,,,,,,,
330,CP032220.1,p1UPAB1,UPAB1,ABUW_4094,,,,,,,,
331,CP032742.1,pC25,C25,ABUW_4004,,,,,,,,
331,CP032742.1,pC25,C25,ABUW_4005,,,,,,,,
331,CP032742.1,pC25,C25,ABUW_4006,,,,,,,,
331,CP032742.1,pC25,C25,ABUW_4007,,,,,,,,
332,CP033769.1,p2FDAARGOS_533,FDAARGOS_533,ABUW_4004,,,,,,,,
332,CP033769.1,p2FDAARGOS_533,FDAARGOS_533,ABUW_4005,,,,,,,,
332,CP033769.1,p2FDAARGOS_533,FDAARGOS_533,ABUW_4006,,,,,,,,
332,CP033769.1,p2FDAARGOS_533,FDAARGOS_533,ABUW_4007,,,,,,,,
332,CP033769.1,p2FDAARGOS_533,FDAARGOS_533,ABUW_4094,,,,,,,,
333,CP033770.1,p1FDAARGOS_533,FDAARGOS_533,ABUW_4004,,,,,,,,
333,CP033770.1,p1FDAARGOS_533,FDAARGOS_533,ABUW_4005,,,,,,,,
333,CP033770.1,p1FDAARGOS_533,FDAARGOS_533,ABUW_4006,,,,,,,,
333,CP033770.1,p1FDAARGOS_533,FDAARGOS_533,ABUW_4007,,,,,,,,
333,CP033770.1,p1FDAARGOS_533,FDAARGOS_533,ABUW_4094,,,,,,,,
334,CP033751.1,p1FDAARGOS_540,FDAARGOS_540,ABUW_4004,,,,,,,,
334,CP033751.1,p1FDAARGOS_540,FDAARGOS_540,ABUW_4005,,,,,,,,
334,CP033751.1,p1FDAARGOS_540,FDAARGOS_540,ABUW_4006,,,,,,,,
334,CP033751.1,p1FDAARGOS_540,FDAARGOS_540,ABUW_4007,,,,,,,,
334,CP033751.1,p1FDAARGOS_540,FDAARGOS_540,ABUW_4094,,,,,,,,
335,CP033752.1,p2FDAARGOS_540,FDAARGOS_540,ABUW_4004,,,,,,,,
335,CP033752.1,p2FDAARGOS_540,FDAARGOS_540,ABUW_4005,,,,,,,,
335,CP033752.1,p2FDAARGOS_540,FDAARGOS_540,ABUW_4006,,,,,,,,
335,CP033752.1,p2FDAARGOS_540,FDAARGOS_540,ABUW_4007,,,,,,,,
335,CP033752.1,p2FDAARGOS_540,FDAARGOS_540,ABUW_4094,,,,,,,,
336,CP033753.1,p3FDAARGOS_540,FDAARGOS_540,ABUW_4004,,,,,,,,
336,CP033753.1,p3FDAARGOS_540,FDAARGOS_540,ABUW_4005,,,,,,,,
336,CP033753.1,p3FDAARGOS_540,FDAARGOS_540,ABUW_4006,,,,,,,,
336,CP033753.1,p3FDAARGOS_540,FDAARGOS_540,ABUW_4007,,,,,,,,
336,CP033753.1,p3FDAARGOS_540,FDAARGOS_540,ABUW_4094,,,,,,,,
337,CP035932.1,p2VB31459,VB31459,ABUW_4004,,,,,,,,
337,CP035932.1,p2VB31459,VB31459,ABUW_4005,,,,,,,,
337,CP035932.1,p2VB31459,VB31459,ABUW_4006,,,,,,,,
337,CP035932.1,p2VB31459,VB31459,ABUW_4007,,,,,,,,
337,CP035932.1,p2VB31459,VB31459,ABUW_4094,,,,,,,,
338,CP035933.1,p1VB31459,VB31459,ABUW_4004,,,,,,,,
338,CP035933.1,p1VB31459,VB31459,ABUW_4005,,,,,,,,
338,CP035933.1,p1VB31459,VB31459,ABUW_4006,,,,,,,,
338,CP035933.1,p1VB31459,VB31459,ABUW_4007,,,,,,,,
338,CP035933.1,p1VB31459,VB31459,ABUW_4094,,,,,,,,
339,CP039344.1,pTG31302,TG31302,ABUW_4004,,,,,,,,
339,CP039344.1,pTG31302,TG31302,ABUW_4005,,,,,,,,
339,CP039344.1,pTG31302,TG31302,ABUW_4006,,,,,,,,
339,CP039344.1,pTG31302,TG31302,ABUW_4007,,,,,,,,
339,CP039344.1,pTG31302,TG31302,ABUW_4094,,,,,,,,
340,CP039931.1,pTG29392_1,TG29392,ABUW_4004,,,,,,,,
340,CP039931.1,pTG29392_1,TG29392,ABUW_4005,,,,,,,,
340,CP039931.1,pTG29392_1,TG29392,ABUW_4006,,,,,,,,
340,CP039931.1,pTG29392_1,TG29392,ABUW_4007,,,,,,,,
340,CP039931.1,pTG29392_1,TG29392,ABUW_4094,,,,,,,,
341,CP039932.1,pTG29392_2,TG29392,ABUW_4004,,,,,,,,
341,CP039932.1,pTG29392_2,TG29392,ABUW_4005,,,,,,,,
341,CP039932.1,pTG29392_2,TG29392,ABUW_4006,,,,,,,,
341,CP039932.1,pTG29392_2,TG29392,ABUW_4007,,,,,,,,
341,CP039932.1,pTG29392_2,TG29392,ABUW_4094,,,,,,,,
342,CP039933.1,pTG29392_3,TG29392,ABUW_4004,,,,,,,,
342,CP039933.1,pTG29392_3,TG29392,ABUW_4005,,,,,,,,
342,CP039933.1,pTG29392_3,TG29392,ABUW_4006,,,,,,,,
342,CP039933.1,pTG29392_3,TG29392,ABUW_4007,,,,,,,,
342,CP039933.1,pTG29392_3,TG29392,ABUW_4094,,,,,,,,
344,CP039995.1,pTG22182_2,TG22182,ABUW_4004,,,,,,,,
344,CP039995.1,pTG22182_2,TG22182,ABUW_4005,,,,,,,,
344,CP039995.1,pTG22182_2,TG22182,ABUW_4006,,,,,,,,
344,CP039995.1,pTG22182_2,TG22182,ABUW_4007,,,,,,,,
344,CP039995.1,pTG22182_2,TG22182,ABUW_4094,,,,,,,,
345,CP039521.1,pTG22627,TG22627,ABUW_4004,,,,,,,,
345,CP039521.1,pTG22627,TG22627,ABUW_4005,,,,,,,,
345,CP039521.1,pTG22627,TG22627,ABUW_4006,,,,,,,,
345,CP039521.1,pTG22627,TG22627,ABUW_4007,,,,,,,,
345,CP039521.1,pTG22627,TG22627,ABUW_4094,,,,,,,,
346,CP039519.1,pTG22653,TG22653,ABUW_4004,,,,,,,,
346,CP039519.1,pTG22653,TG22653,ABUW_4005,,,,,,,,
346,CP039519.1,pTG22653,TG22653,ABUW_4006,,,,,,,,
346,CP039519.1,pTG22653,TG22653,ABUW_4007,,,,,,,,
346,CP039519.1,pTG22653,TG22653,ABUW_4094,,,,,,,,
347,CP036284.1,p60155_1,TG60155,ABUW_4004,,,,,,,,
347,CP036284.1,p60155_1,TG60155,ABUW_4005,,,,,,,,
347,CP036284.1,p60155_1,TG60155,ABUW_4006,,,,,,,,
347,CP036284.1,p60155_1,TG60155,ABUW_4007,,,,,,,,
347,CP036284.1,p60155_1,TG60155,ABUW_4094,,,,,,,,
348,CP036285.1,p60155_2,TG60155,ABUW_4004,,,,,,,,
348,CP036285.1,p60155_2,TG60155,ABUW_4005,,,,,,,,
348,CP036285.1,p60155_2,TG60155,ABUW_4006,,,,,,,,
348,CP036285.1,p60155_2,TG60155,ABUW_4007,,,,,,,,
348,CP036285.1,p60155_2,TG60155,ABUW_4094,,,,,,,,
350,CP039342.1,pTG31986,TG31986,ABUW_4004,,,,,,,,
350,CP039342.1,pTG31986,TG31986,ABUW_4005,,,,,,,,
350,CP039342.1,pTG31986,TG31986,ABUW_4006,,,,,,,,
350,CP039342.1,pTG31986,TG31986,ABUW_4007,,,,,,,,
350,CP039342.1,pTG31986,TG31986,ABUW_4094,,,,,,,,
351,CM016516.1,pTG31307,TG31307,ABUW_4004,,,,,,,,
351,CM016516.1,pTG31307,TG31307,ABUW_4005,,,,,,,,
351,CM016516.1,pTG31307,TG31307,ABUW_4006,,,,,,,,
351,CM016516.1,pTG31307,TG31307,ABUW_4007,,,,,,,,
351,CM016516.1,pTG31307,TG31307,ABUW_4094,,,,,,,,
352,CP038259.1,pEH_gr13,39741,ABUW_4004,,,,,,,,
352,CP038259.1,pEH_gr13,39741,ABUW_4005,,,,,,,,
352,CP038259.1,pEH_gr13,39741,ABUW_4006,,,,,,,,
352,CP038259.1,pEH_gr13,39741,ABUW_4007,,,,,,,,
352,CP038259.1,pEH_gr13,39741,ABUW_4094,,,,,,,,
353,CP038260.1,pEH_gr3,39741,ABUW_4004,,,,,,,,
353,CP038260.1,pEH_gr3,39741,ABUW_4005,,,,,,,,
353,CP038260.1,pEH_gr3,39741,ABUW_4006,,,,,,,,
353,CP038260.1,pEH_gr3,39741,ABUW_4007,,,,,,,,
353,CP038260.1,pEH_gr3,39741,ABUW_4094,,,,,,,,
354,CP038260.1,pEH_gr3,39741,ABUW_4004,,,,,,,,
354,CP038260.1,pEH_gr3,39741,ABUW_4005,,,,,,,,
354,CP038260.1,pEH_gr3,39741,ABUW_4006,,,,,,,,
354,CP038260.1,pEH_gr3,39741,ABUW_4007,,,,,,,,
354,CP038260.1,pEH_gr3,39741,ABUW_4094,,,,,,,,
355,CP038261.1,pEH_mcr4.3,39741,ABUW_4004,,,,,,,,
355,CP038261.1,pEH_mcr4.3,39741,ABUW_4005,,,,,,,,
355,CP038261.1,pEH_mcr4.3,39741,ABUW_4006,,,,,,,,
355,CP038261.1,pEH_mcr4.3,39741,ABUW_4007,,,,,,,,
355,CP038261.1,pEH_mcr4.3,39741,ABUW_4094,,,,,,,,
356,CP038263.1,pEC_gr13,LEV1449/17Ec,ABUW_4004,,,,,,,,
356,CP038263.1,pEC_gr13,LEV1449/17Ec,ABUW_4005,,,,,,,,
356,CP038263.1,pEC_gr13,LEV1449/17Ec,ABUW_4006,,,,,,,,
356,CP038263.1,pEC_gr13,LEV1449/17Ec,ABUW_4007,,,,,,,,
356,CP038263.1,pEC_gr13,LEV1449/17Ec,ABUW_4094,,,,,,,,
358,CP038265.1,pEC_mcr4.3,LEV1449/17Ec,ABUW_4004,,,,,,,,
358,CP038265.1,pEC_mcr4.3,LEV1449/17Ec,ABUW_4005,,,,,,,,
358,CP038265.1,pEC_mcr4.3,LEV1449/17Ec,ABUW_4006,,,,,,,,
358,CP038265.1,pEC_mcr4.3,LEV1449/17Ec,ABUW_4007,,,,,,,,
358,CP038265.1,pEC_mcr4.3,LEV1449/17Ec,ABUW_4094,,,,,,,,
359,CP033870.1,"p597A-6.7,",MRSN15313,ABUW_4004,,,,,,,,
359,CP033870.1,"p597A-6.7,",MRSN15313,ABUW_4005,,,,,,,,
359,CP033870.1,"p597A-6.7,",MRSN15313,ABUW_4006,,,,,,,,
359,CP033870.1,"p597A-6.7,",MRSN15313,ABUW_4007,,,,,,,,
359,CP033870.1,"p597A-6.7,",MRSN15313,ABUW_4094,,,,,,,,
360,CP033871.1,p597A-14.8,MRSN15313,ABUW_4004,,,,,,,,
360,CP033871.1,p597A-14.8,MRSN15313,ABUW_4005,,,,,,,,
360,CP033871.1,p597A-14.8,MRSN15313,ABUW_4006,,,,,,,,
360,CP033871.1,p597A-14.8,MRSN15313,ABUW_4007,,,,,,,,
360,CP033871.1,p597A-14.8,MRSN15313,ABUW_4094,,,,,,,,
361,CP033871.1,p597A-14.8,MRSN15313,ABUW_4004,,,,,,,,
361,CP033871.1,p597A-14.8,MRSN15313,ABUW_4005,,,,,,,,
361,CP033871.1,p597A-14.8,MRSN15313,ABUW_4006,,,,,,,,
361,CP033871.1,p597A-14.8,MRSN15313,ABUW_4007,,,,,,,,
361,CP033871.1,p597A-14.8,MRSN15313,ABUW_4094,,,,,,,,
362,CP033872.1,pAb-MCR4.1,MRSN15313,ABUW_4004,,,,,,,,
362,CP033872.1,pAb-MCR4.1,MRSN15313,ABUW_4005,,,,,,,,
362,CP033872.1,pAb-MCR4.1,MRSN15313,ABUW_4006,,,,,,,,
362,CP033872.1,pAb-MCR4.1,MRSN15313,ABUW_4007,,,,,,,,
362,CP033872.1,pAb-MCR4.1,MRSN15313,ABUW_4094,,,,,,,,
363,CP034093.1,pA52-1,A52,ABUW_4004,,,,,,,,
363,CP034093.1,pA52-1,A52,ABUW_4005,,,,,,,,
363,CP034093.1,pA52-1,A52,ABUW_4006,,,,,,,,
363,CP034093.1,pA52-1,A52,ABUW_4007,,,,,,,,
363,CP034093.1,pA52-1,A52,ABUW_4094,,,,,,,,
364,CP034094.1,pA52-2,A52,ABUW_4004,,,,,,,,
364,CP034094.1,pA52-2,A52,ABUW_4005,,,,,,,,
364,CP034094.1,pA52-2,A52,ABUW_4006,,,,,,,,
364,CP034094.1,pA52-2,A52,ABUW_4007,,,,,,,,
364,CP034094.1,pA52-2,A52,ABUW_4094,,,,,,,,
365,CP034095.1,pA52-3,A52,ABUW_4004,,,,,,,,
365,CP034095.1,pA52-3,A52,ABUW_4005,,,,,,,,
365,CP034095.1,pA52-3,A52,ABUW_4006,,,,,,,,
365,CP034095.1,pA52-3,A52,ABUW_4007,,,,,,,,
365,CP034095.1,pA52-3,A52,ABUW_4094,,,,,,,,
366,CP034096.1,pA52-4,A52,ABUW_4004,,,,,,,,
366,CP034096.1,pA52-4,A52,ABUW_4005,,,,,,,,
366,CP034096.1,pA52-4,A52,ABUW_4006,,,,,,,,
366,CP034096.1,pA52-4,A52,ABUW_4007,,,,,,,,
366,CP034096.1,pA52-4,A52,ABUW_4094,,,,,,,,
367,CP034097.1,pA52-OXA-72,A52,ABUW_4004,,,,,,,,
367,CP034097.1,pA52-OXA-72,A52,ABUW_4005,,,,,,,,
367,CP034097.1,pA52-OXA-72,A52,ABUW_4006,,,,,,,,
367,CP034097.1,pA52-OXA-72,A52,ABUW_4007,,,,,,,,
367,CP034097.1,pA52-OXA-72,A52,ABUW_4094,,,,,,,,
368,CM013137.1,pAB18PR065-MCR-4.3,AB18PR065,ABUW_4004,,,,,,,,
368,CM013137.1,pAB18PR065-MCR-4.3,AB18PR065,ABUW_4005,,,,,,,,
368,CM013137.1,pAB18PR065-MCR-4.3,AB18PR065,ABUW_4006,,,,,,,,
368,CM013137.1,pAB18PR065-MCR-4.3,AB18PR065,ABUW_4007,,,,,,,,
368,CM013137.1,pAB18PR065-MCR-4.3,AB18PR065,ABUW_4094,,,,,,,,
369,CP038501.1,p3CIAT758,CIAT758,ABUW_4004,,,,,,,,
369,CP038501.1,p3CIAT758,CIAT758,ABUW_4005,,,,,,,,
369,CP038501.1,p3CIAT758,CIAT758,ABUW_4006,,,,,,,,
369,CP038501.1,p3CIAT758,CIAT758,ABUW_4007,,,,,,,,
369,CP038501.1,p3CIAT758,CIAT758,ABUW_4094,,,,,,,,
370,CP038502.1,p2CIAT758,CIAT758,ABUW_4004,,,,,,,,
370,CP038502.1,p2CIAT758,CIAT758,ABUW_4005,,,,,,,,
370,CP038502.1,p2CIAT758,CIAT758,ABUW_4006,,,,,,,,
370,CP038502.1,p2CIAT758,CIAT758,ABUW_4007,,,,,,,,
370,CP038502.1,p2CIAT758,CIAT758,ABUW_4094,,,,,,,,
371,CP038503.1,p1CIAT758,CIAT758,ABUW_4004,,,,,,,,
371,CP038503.1,p1CIAT758,CIAT758,ABUW_4005,,,,,,,,
371,CP038503.1,p1CIAT758,CIAT758,ABUW_4006,,,,,,,,
371,CP038503.1,p1CIAT758,CIAT758,ABUW_4007,,,,,,,,
371,CP038503.1,p1CIAT758,CIAT758,ABUW_4094,,,,,,,,
372,CP038645.1,p8ACN21,ACN21,ABUW_4004,,,,,,,,
372,CP038645.1,p8ACN21,ACN21,ABUW_4005,,,,,,,,
372,CP038645.1,p8ACN21,ACN21,ABUW_4006,,,,,,,,
372,CP038645.1,p8ACN21,ACN21,ABUW_4007,,,,,,,,
372,CP038645.1,p8ACN21,ACN21,ABUW_4094,,,,,,,,
373,CP038646.1,p7ACN21,ACN21,ABUW_4004,,,,,,,,
373,CP038646.1,p7ACN21,ACN21,ABUW_4005,,,,,,,,
373,CP038646.1,p7ACN21,ACN21,ABUW_4006,,,,,,,,
373,CP038646.1,p7ACN21,ACN21,ABUW_4007,,,,,,,,
373,CP038646.1,p7ACN21,ACN21,ABUW_4094,,,,,,,,
374,CP038647.1,p6ACN21,ACN21,ABUW_4004,,,,,,,,
374,CP038647.1,p6ACN21,ACN21,ABUW_4005,,,,,,,,
374,CP038647.1,p6ACN21,ACN21,ABUW_4006,,,,,,,,
374,CP038647.1,p6ACN21,ACN21,ABUW_4007,,,,,,,,
374,CP038647.1,p6ACN21,ACN21,ABUW_4094,,,,,,,,
375,CP038648.1,p5ACN21,ACN21,ABUW_4004,,,,,,,,
375,CP038648.1,p5ACN21,ACN21,ABUW_4005,,,,,,,,
375,CP038648.1,p5ACN21,ACN21,ABUW_4006,,,,,,,,
375,CP038648.1,p5ACN21,ACN21,ABUW_4007,,,,,,,,
375,CP038648.1,p5ACN21,ACN21,ABUW_4094,,,,,,,,
376,CP038649.1,p4ACN21,ACN21,ABUW_4004,,,,,,,,
376,CP038649.1,p4ACN21,ACN21,ABUW_4005,,,,,,,,
376,CP038649.1,p4ACN21,ACN21,ABUW_4006,,,,,,,,
376,CP038649.1,p4ACN21,ACN21,ABUW_4007,,,,,,,,
376,CP038649.1,p4ACN21,ACN21,ABUW_4094,,,,,,,,
377,CP038650.1,p3ACN21,ACN21,ABUW_4004,,,,,,,,
377,CP038650.1,p3ACN21,ACN21,ABUW_4005,,,,,,,,
377,CP038650.1,p3ACN21,ACN21,ABUW_4006,,,,,,,,
377,CP038650.1,p3ACN21,ACN21,ABUW_4007,,,,,,,,
377,CP038650.1,p3ACN21,ACN21,ABUW_4094,,,,,,,,
378,CP038651.1,p2ACN21,ACN21,ABUW_4004,,,,,,,,
378,CP038651.1,p2ACN21,ACN21,ABUW_4005,,,,,,,,
378,CP038651.1,p2ACN21,ACN21,ABUW_4006,,,,,,,,
378,CP038651.1,p2ACN21,ACN21,ABUW_4007,,,,,,,,
378,CP038651.1,p2ACN21,ACN21,ABUW_4094,,,,,,,,
379,CP038652.1,p1ACN21,ACN21,ABUW_4004,,,,,,,,
379,CP038652.1,p1ACN21,ACN21,ABUW_4005,,,,,,,,
379,CP038652.1,p1ACN21,ACN21,ABUW_4006,,,,,,,,
379,CP038652.1,p1ACN21,ACN21,ABUW_4007,,,,,,,,
379,CP038652.1,p1ACN21,ACN21,ABUW_4094,,,,,,,,
381,CP040044.1,p2VB958,VB958,ABUW_4004,,,,,,,,
381,CP040044.1,p2VB958,VB958,ABUW_4005,,,,,,,,
381,CP040044.1,p2VB958,VB958,ABUW_4006,,,,,,,,
381,CP040044.1,p2VB958,VB958,ABUW_4007,,,,,,,,
381,CP040044.1,p2VB958,VB958,ABUW_4094,,,,,,,,
382,CP040045.1,p1VB958,VB958,ABUW_4004,,,,,,,,
382,CP040045.1,p1VB958,VB958,ABUW_4005,,,,,,,,
382,CP040045.1,p1VB958,VB958,ABUW_4006,,,,,,,,
382,CP040045.1,p1VB958,VB958,ABUW_4007,,,,,,,,
382,CP040045.1,p1VB958,VB958,ABUW_4094,,,,,,,,
383,CP040049.1,pVB1190,VB1190,ABUW_4004,,,,,,,,
383,CP040049.1,pVB1190,VB1190,ABUW_4005,,,,,,,,
383,CP040049.1,pVB1190,VB1190,ABUW_4006,,,,,,,,
383,CP040049.1,pVB1190,VB1190,ABUW_4007,,,,,,,,
383,CP040049.1,pVB1190,VB1190,ABUW_4094,,,,,,,,
384,CP040051.1,p2VB16141,VB16141,ABUW_4004,,,,,,,,
384,CP040051.1,p2VB16141,VB16141,ABUW_4005,,,,,,,,
384,CP040051.1,p2VB16141,VB16141,ABUW_4006,,,,,,,,
384,CP040051.1,p2VB16141,VB16141,ABUW_4007,,,,,,,,
384,CP040051.1,p2VB16141,VB16141,ABUW_4094,,,,,,,,
385,CP040052.1,p1VB16141,VB16141,ABUW_4004,,,,,,,,
385,CP040052.1,p1VB16141,VB16141,ABUW_4005,,,,,,,,
385,CP040052.1,p1VB16141,VB16141,ABUW_4006,,,,,,,,
385,CP040052.1,p1VB16141,VB16141,ABUW_4007,,,,,,,,
385,CP040052.1,p1VB16141,VB16141,ABUW_4094,,,,,,,,
386,CP040054.1,p3VB35179,VB35179,ABUW_4004,,,,,,,,
386,CP040054.1,p3VB35179,VB35179,ABUW_4005,,,,,,,,
386,CP040054.1,p3VB35179,VB35179,ABUW_4006,,,,,,,,
386,CP040054.1,p3VB35179,VB35179,ABUW_4007,,,,,,,,
386,CP040054.1,p3VB35179,VB35179,ABUW_4094,,,,,,,,
387,CP040055.1,p1VB35179,VB35179,ABUW_4004,,,,,,,,
387,CP040055.1,p1VB35179,VB35179,ABUW_4005,,,,,,,,
387,CP040055.1,p1VB35179,VB35179,ABUW_4006,,,,,,,,
387,CP040055.1,p1VB35179,VB35179,ABUW_4007,,,,,,,,
387,CP040055.1,p1VB35179,VB35179,ABUW_4094,,,,,,,,
388,CP040057.1,p2VB35179,VB35179,ABUW_4004,,,,,,,,
388,CP040057.1,p2VB35179,VB35179,ABUW_4005,,,,,,,,
388,CP040057.1,p2VB35179,VB35179,ABUW_4006,,,,,,,,
388,CP040057.1,p2VB35179,VB35179,ABUW_4007,,,,,,,,
388,CP040057.1,p2VB35179,VB35179,ABUW_4094,,,,,,,,
389,CP040083.1,pSP304,SP304,ABUW_4004,,,,,,,,
389,CP040083.1,pSP304,SP304,ABUW_4005,,,,,,,,
389,CP040083.1,pSP304,SP304,ABUW_4006,,,,,,,,
389,CP040083.1,pSP304,SP304,ABUW_4007,,,,,,,,
389,CP040083.1,pSP304,SP304,ABUW_4094,,,,,,,,
390,CP040085.1,p2VB33071,VB33071,ABUW_4004,,,,,,,,
390,CP040085.1,p2VB33071,VB33071,ABUW_4005,,,,,,,,
390,CP040085.1,p2VB33071,VB33071,ABUW_4006,,,,,,,,
390,CP040085.1,p2VB33071,VB33071,ABUW_4007,,,,,,,,
390,CP040085.1,p2VB33071,VB33071,ABUW_4094,,,,,,,,
391,CP040086.1,p1VB33071,VB33071,ABUW_4004,,,,,,,,
391,CP040086.1,p1VB33071,VB33071,ABUW_4005,,,,,,,,
391,CP040086.1,p1VB33071,VB33071,ABUW_4006,,,,,,,,
391,CP040086.1,p1VB33071,VB33071,ABUW_4007,,,,,,,,
391,CP040086.1,p1VB33071,VB33071,ABUW_4094,,,,,,,,
392,CP040088.1,pVB35575,VB35575,ABUW_4004,,,,,,,,
392,CP040088.1,pVB35575,VB35575,ABUW_4005,,,,,,,,
392,CP040088.1,pVB35575,VB35575,ABUW_4006,,,,,,,,
392,CP040088.1,pVB35575,VB35575,ABUW_4007,,,,,,,,
392,CP040088.1,pVB35575,VB35575,ABUW_4094,,,,,,,,
393,CP040260.1,p3P7774,P7774,ABUW_4004,,,,,,,,
393,CP040260.1,p3P7774,P7774,ABUW_4005,,,,,,,,
393,CP040260.1,p3P7774,P7774,ABUW_4006,,,,,,,,
393,CP040260.1,p3P7774,P7774,ABUW_4007,,,,,,,,
393,CP040260.1,p3P7774,P7774,ABUW_4094,,,,,,,,
394,CP040261.1,p2P7774,P7774,ABUW_4004,,,,,,,,
394,CP040261.1,p2P7774,P7774,ABUW_4005,,,,,,,,
394,CP040261.1,p2P7774,P7774,ABUW_4006,,,,,,,,
394,CP040261.1,p2P7774,P7774,ABUW_4007,,,,,,,,
394,CP040261.1,p2P7774,P7774,ABUW_4094,,,,,,,,
395,CP040262.1,p1P7774,P7774,ABUW_4004,,,,,,,,
395,CP040262.1,p1P7774,P7774,ABUW_4005,,,,,,,,
395,CP040262.1,p1P7774,P7774,ABUW_4006,,,,,,,,
395,CP040262.1,p1P7774,P7774,ABUW_4007,,,,,,,,
395,CP040262.1,p1P7774,P7774,ABUW_4094,,,,,,,,
396,CP040426.1,pPB364_1,PB364,ABUW_4004,,,,,,,,
396,CP040426.1,pPB364_1,PB364,ABUW_4005,,,,,,,,
396,CP040426.1,pPB364_1,PB364,ABUW_4006,,,,,,,,
396,CP040426.1,pPB364_1,PB364,ABUW_4007,,,,,,,,
396,CP040426.1,pPB364_1,PB364,ABUW_4094,,,,,,,,
397,CP040427.1,pPB364_2,PB364,ABUW_4004,,,,,,,,
397,CP040427.1,pPB364_2,PB364,ABUW_4005,,,,,,,,
397,CP040427.1,pPB364_2,PB364,ABUW_4006,,,,,,,,
397,CP040427.1,pPB364_2,PB364,ABUW_4007,,,,,,,,
397,CP040427.1,pPB364_2,PB364,ABUW_4094,,,,,,,,
398,CM018764.1,pABIQM1,ABIQM1,ABUW_4004,,,,,,,,
398,CM018764.1,pABIQM1,ABIQM1,ABUW_4005,,,,,,,,
398,CM018764.1,pABIQM1,ABIQM1,ABUW_4006,,,,,,,,
398,CM018764.1,pABIQM1,ABIQM1,ABUW_4007,,,,,,,,
398,CM018764.1,pABIQM1,ABIQM1,ABUW_4094,,,,,,,,
399,CP041149.1,pCUVET596,CUVET-MIC596,ABUW_4004,,,,,,,,
399,CP041149.1,pCUVET596,CUVET-MIC596,ABUW_4005,,,,,,,,
399,CP041149.1,pCUVET596,CUVET-MIC596,ABUW_4006,,,,,,,,
399,CP041149.1,pCUVET596,CUVET-MIC596,ABUW_4007,,,,,,,,
399,CP041149.1,pCUVET596,CUVET-MIC596,ABUW_4094,,,,,,,,
400,CP041588.1,pJ9-1,J9,ABUW_4004,,,,,,,,
400,CP041588.1,pJ9-1,J9,ABUW_4005,,,,,,,,
400,CP041588.1,pJ9-1,J9,ABUW_4006,,,,,,,,
400,CP041588.1,pJ9-1,J9,ABUW_4007,,,,,,,,
400,CP041588.1,pJ9-1,J9,ABUW_4094,,,,,,,,
401,CP041589.1,pJ9-2,J9,ABUW_4004,,,,,,,,
401,CP041589.1,pJ9-2,J9,ABUW_4005,,,,,,,,
401,CP041589.1,pJ9-2,J9,ABUW_4006,,,,,,,,
401,CP041589.1,pJ9-2,J9,ABUW_4007,,,,,,,,
401,CP041589.1,pJ9-2,J9,ABUW_4094,,,,,,,,
402,CP041590.1,pJ9-3,J9,ABUW_4004,,,,,,,,
402,CP041590.1,pJ9-3,J9,ABUW_4005,,,,,,,,
402,CP041590.1,pJ9-3,J9,ABUW_4006,,,,,,,,
402,CP041590.1,pJ9-3,J9,ABUW_4007,,,,,,,,
402,CP041590.1,pJ9-3,J9,ABUW_4094,,,,,,,,
403,CP042557.1,pE47_001,E47,ABUW_4004,,,,,,,,
403,CP042557.1,pE47_001,E47,ABUW_4005,,,,,,,,
403,CP042557.1,pE47_001,E47,ABUW_4006,,,,,,,,
403,CP042557.1,pE47_001,E47,ABUW_4007,,,,,,,,
403,CP042557.1,pE47_001,E47,ABUW_4094,,,,,,,,
404,CP042558.1,pE47_002,E47,ABUW_4004,,,,,,,,
404,CP042558.1,pE47_002,E47,ABUW_4005,,,,,,,,
404,CP042558.1,pE47_002,E47,ABUW_4006,,,,,,,,
404,CP042558.1,pE47_002,E47,ABUW_4007,,,,,,,,
404,CP042558.1,pE47_002,E47,ABUW_4094,,,,,,,,
405,CP042559.1,pE47_003,E47,ABUW_4004,,,,,,,,
405,CP042559.1,pE47_003,E47,ABUW_4005,,,,,,,,
405,CP042559.1,pE47_003,E47,ABUW_4006,,,,,,,,
405,CP042559.1,pE47_003,E47,ABUW_4007,,,,,,,,
405,CP042559.1,pE47_003,E47,ABUW_4094,,,,,,,,
406,CP042560.1,pE47_004,E47,ABUW_4004,,,,,,,,
406,CP042560.1,pE47_004,E47,ABUW_4005,,,,,,,,
406,CP042560.1,pE47_004,E47,ABUW_4006,,,,,,,,
406,CP042560.1,pE47_004,E47,ABUW_4007,,,,,,,,
406,CP042560.1,pE47_004,E47,ABUW_4094,,,,,,,,
407,CP042561.1,pE47_005,E47,ABUW_4004,,,,,,,,
407,CP042561.1,pE47_005,E47,ABUW_4005,,,,,,,,
407,CP042561.1,pE47_005,E47,ABUW_4006,,,,,,,,
407,CP042561.1,pE47_005,E47,ABUW_4007,,,,,,,,
407,CP042561.1,pE47_005,E47,ABUW_4094,,,,,,,,
408,CP042562.1,pE47_006,E47,ABUW_4004,,,,,,,,
408,CP042562.1,pE47_006,E47,ABUW_4005,,,,,,,,
408,CP042562.1,pE47_006,E47,ABUW_4006,,,,,,,,
408,CP042562.1,pE47_006,E47,ABUW_4007,,,,,,,,
408,CP042562.1,pE47_006,E47,ABUW_4094,,,,,,,,
409,CP042563.1,pE47_007,E47,ABUW_4004,,,,,,,,
409,CP042563.1,pE47_007,E47,ABUW_4005,,,,,,,,
409,CP042563.1,pE47_007,E47,ABUW_4006,,,,,,,,
409,CP042563.1,pE47_007,E47,ABUW_4007,,,,,,,,
409,CP042563.1,pE47_007,E47,ABUW_4094,,,,,,,,
410,CP042564.1,pE47_008,E47,ABUW_4004,,,,,,,,
410,CP042564.1,pE47_008,E47,ABUW_4005,,,,,,,,
410,CP042564.1,pE47_008,E47,ABUW_4006,,,,,,,,
410,CP042564.1,pE47_008,E47,ABUW_4007,,,,,,,,
410,CP042564.1,pE47_008,E47,ABUW_4094,,,,,,,,
411,CP042565.1,pE47_009,E47,ABUW_4004,,,,,,,,
411,CP042565.1,pE47_009,E47,ABUW_4005,,,,,,,,
411,CP042565.1,pE47_009,E47,ABUW_4006,,,,,,,,
411,CP042565.1,pE47_009,E47,ABUW_4007,,,,,,,,
411,CP042565.1,pE47_009,E47,ABUW_4094,,,,,,,,
412,CP045108.1,p1ATCC19606,ATCC 19606,ABUW_4004,,,,,,,,
412,CP045108.1,p1ATCC19606,ATCC 19606,ABUW_4005,,,,,,,,
412,CP045108.1,p1ATCC19606,ATCC 19606,ABUW_4006,,,,,,,,
412,CP045108.1,p1ATCC19606,ATCC 19606,ABUW_4007,,,,,,,,
412,CP045108.1,p1ATCC19606,ATCC 19606,ABUW_4094,,,,,,,,
413,CP045109.1,p2ATCC19606,ATCC 19606,ABUW_4004,,,,,,,,
413,CP045109.1,p2ATCC19606,ATCC 19606,ABUW_4005,,,,,,,,
413,CP045109.1,p2ATCC19606,ATCC 19606,ABUW_4006,,,,,,,,
413,CP045109.1,p2ATCC19606,ATCC 19606,ABUW_4007,,,,,,,,
413,CP045109.1,p2ATCC19606,ATCC 19606,ABUW_4094,,,,,,,,
414,CP061522.1,pCFSAN093707,CFSAN093707,ABUW_4004,,,,,,,,
414,CP061522.1,pCFSAN093707,CFSAN093707,ABUW_4005,,,,,,,,
414,CP061522.1,pCFSAN093707,CFSAN093707,ABUW_4006,,,,,,,,
414,CP061522.1,pCFSAN093707,CFSAN093707,ABUW_4007,,,,,,,,
414,CP061522.1,pCFSAN093707,CFSAN093707,ABUW_4094,,,,,,,,
415,CP061524.1,pCFSAN093706,CFSAN093706,ABUW_4004,,,,,,,,
415,CP061524.1,pCFSAN093706,CFSAN093706,ABUW_4005,,,,,,,,
415,CP061524.1,pCFSAN093706,CFSAN093706,ABUW_4006,,,,,,,,
415,CP061524.1,pCFSAN093706,CFSAN093706,ABUW_4007,,,,,,,,
415,CP061524.1,pCFSAN093706,CFSAN093706,ABUW_4094,,,,,,,,
416,CP061520.1,pCFSAN093708,CFSAN093708,ABUW_4004,,,,,,,,
416,CP061520.1,pCFSAN093708,CFSAN093708,ABUW_4005,,,,,,,,
416,CP061520.1,pCFSAN093708,CFSAN093708,ABUW_4006,,,,,,,,
416,CP061520.1,pCFSAN093708,CFSAN093708,ABUW_4007,,,,,,,,
416,CP061520.1,pCFSAN093708,CFSAN093708,ABUW_4094,,,,,,,,
417,CP061526.1,pCFSAN093705,CFSAN093705,ABUW_4004,,,,,,,,
417,CP061526.1,pCFSAN093705,CFSAN093705,ABUW_4005,,,,,,,,
417,CP061526.1,pCFSAN093705,CFSAN093705,ABUW_4006,,,,,,,,
417,CP061526.1,pCFSAN093705,CFSAN093705,ABUW_4007,,,,,,,,
417,CP061526.1,pCFSAN093705,CFSAN093705,ABUW_4094,,,,,,,,
418,CP061515.1,pCFSAN093710_1,CFSAN093710,ABUW_4004,,,,,,,,
418,CP061515.1,pCFSAN093710_1,CFSAN093710,ABUW_4005,,,,,,,,
418,CP061515.1,pCFSAN093710_1,CFSAN093710,ABUW_4006,,,,,,,,
418,CP061515.1,pCFSAN093710_1,CFSAN093710,ABUW_4007,,,,,,,,
418,CP061515.1,pCFSAN093710_1,CFSAN093710,ABUW_4094,,,,,,,,
421,CP067103.1,pNC2,ATCC BAA-1790,ABUW_4004,,,,,,,,
421,CP067103.1,pNC2,ATCC BAA-1790,ABUW_4005,,,,,,,,
421,CP067103.1,pNC2,ATCC BAA-1790,ABUW_4006,,,,,,,,
421,CP067103.1,pNC2,ATCC BAA-1790,ABUW_4007,,,,,,,,
421,CP067103.1,pNC2,ATCC BAA-1790,ABUW_4094,,,,,,,,
422,CP061518.1,pCFSAN093709,CFSAN093709,ABUW_4004,,,,,,,,
422,CP061518.1,pCFSAN093709,CFSAN093709,ABUW_4005,,,,,,,,
422,CP061518.1,pCFSAN093709,CFSAN093709,ABUW_4006,,,,,,,,
422,CP061518.1,pCFSAN093709,CFSAN093709,ABUW_4007,,,,,,,,
422,CP061518.1,pCFSAN093709,CFSAN093709,ABUW_4094,,,,,,,,
423,CP043954.1,pK09-14,K09-14,ABUW_4004,,,,,,,,
423,CP043954.1,pK09-14,K09-14,ABUW_4005,,,,,,,,
423,CP043954.1,pK09-14,K09-14,ABUW_4006,,,,,,,,
423,CP043954.1,pK09-14,K09-14,ABUW_4007,,,,,,,,
423,CP043954.1,pK09-14,K09-14,ABUW_4094,,,,,,,,
424,CP044357.1,pCAM180A,CAM180-1,ABUW_4004,,,,,,,,
424,CP044357.1,pCAM180A,CAM180-1,ABUW_4005,,,,,,,,
424,CP044357.1,pCAM180A,CAM180-1,ABUW_4006,,,,,,,,
424,CP044357.1,pCAM180A,CAM180-1,ABUW_4007,,,,,,,,
424,CP044357.1,pCAM180A,CAM180-1,ABUW_4094,,,,,,,,
425,CP044358.1,pCAM180B,CAM180-1,ABUW_4004,,,,,,,,
425,CP044358.1,pCAM180B,CAM180-1,ABUW_4005,,,,,,,,
425,CP044358.1,pCAM180B,CAM180-1,ABUW_4006,,,,,,,,
425,CP044358.1,pCAM180B,CAM180-1,ABUW_4007,,,,,,,,
425,CP044358.1,pCAM180B,CAM180-1,ABUW_4094,,,,,,,,
426,CP044520.1,p29FS20-1,29FS20,ABUW_4004,,,,,,,,
426,CP044520.1,p29FS20-1,29FS20,ABUW_4005,,,,,,,,
426,CP044520.1,p29FS20-1,29FS20,ABUW_4006,,,,,,,,
426,CP044520.1,p29FS20-1,29FS20,ABUW_4007,,,,,,,,
426,CP044520.1,p29FS20-1,29FS20,ABUW_4094,,,,,,,,
427,CP044521.1,p29FS20-2,29FS20,ABUW_4004,,,,,,,,
427,CP044521.1,p29FS20-2,29FS20,ABUW_4005,,,,,,,,
427,CP044521.1,p29FS20-2,29FS20,ABUW_4006,,,,,,,,
427,CP044521.1,p29FS20-2,29FS20,ABUW_4007,,,,,,,,
427,CP044521.1,p29FS20-2,29FS20,ABUW_4094,,,,,,,,
428,CP044518.1,p31FS3-2-1,31FS3-2,ABUW_4004,,,,,,,,
428,CP044518.1,p31FS3-2-1,31FS3-2,ABUW_4005,,,,,,,,
428,CP044518.1,p31FS3-2-1,31FS3-2,ABUW_4006,,,,,,,,
428,CP044518.1,p31FS3-2-1,31FS3-2,ABUW_4007,,,,,,,,
428,CP044518.1,p31FS3-2-1,31FS3-2,ABUW_4094,,,,,,,,
429,CP065886.1,p2FDAARGOS_917,FDAARGOS_917,ABUW_4004,,,,,,,,
429,CP065886.1,p2FDAARGOS_917,FDAARGOS_917,ABUW_4005,,,,,,,,
429,CP065886.1,p2FDAARGOS_917,FDAARGOS_917,ABUW_4006,,,,,,,,
429,CP065886.1,p2FDAARGOS_917,FDAARGOS_917,ABUW_4007,,,,,,,,
429,CP065886.1,p2FDAARGOS_917,FDAARGOS_917,ABUW_4094,,,,,,,,
430,CP065888.1,p1FDAARGOS_917,FDAARGOS_917,ABUW_4004,,,,,,,,
430,CP065888.1,p1FDAARGOS_917,FDAARGOS_917,ABUW_4005,,,,,,,,
430,CP065888.1,p1FDAARGOS_917,FDAARGOS_917,ABUW_4006,,,,,,,,
430,CP065888.1,p1FDAARGOS_917,FDAARGOS_917,ABUW_4007,,,,,,,,
430,CP065888.1,p1FDAARGOS_917,FDAARGOS_917,ABUW_4094,,,,,,,,
431,CP046537.1,pXL380,XL380,ABUW_4004,,,,,,,,
431,CP046537.1,pXL380,XL380,ABUW_4005,,,,,,,,
431,CP046537.1,pXL380,XL380,ABUW_4006,,,,,,,,
431,CP046537.1,pXL380,XL380,ABUW_4007,,,,,,,,
431,CP046537.1,pXL380,XL380,ABUW_4094,,,,,,,,
432,CP046899.1,pA1429c,A1429,ABUW_4004,,,,,,,,
432,CP046899.1,pA1429c,A1429,ABUW_4005,,,,,,,,
432,CP046899.1,pA1429c,A1429,ABUW_4006,,,,,,,,
432,CP046899.1,pA1429c,A1429,ABUW_4007,,,,,,,,
432,CP046899.1,pA1429c,A1429,ABUW_4094,,,,,,,,
433,CP046900.1,pA1429b,A1429,ABUW_4004,,,,,,,,
433,CP046900.1,pA1429b,A1429,ABUW_4005,,,,,,,,
433,CP046900.1,pA1429b,A1429,ABUW_4006,,,,,,,,
433,CP046900.1,pA1429b,A1429,ABUW_4007,,,,,,,,
433,CP046900.1,pA1429b,A1429,ABUW_4094,,,,,,,,
434,CP046901.1,pA1429a,A1429,ABUW_4004,,,,,,,,
434,CP046901.1,pA1429a,A1429,ABUW_4005,,,,,,,,
434,CP046901.1,pA1429a,A1429,ABUW_4006,,,,,,,,
434,CP046901.1,pA1429a,A1429,ABUW_4007,,,,,,,,
434,CP046901.1,pA1429a,A1429,ABUW_4094,,,,,,,,
435,CP048850.1,pD4-1,D4,ABUW_4004,,,,,,,,
435,CP048850.1,pD4-1,D4,ABUW_4005,,,,,,,,
435,CP048850.1,pD4-1,D4,ABUW_4006,,,,,,,,
435,CP048850.1,pD4-1,D4,ABUW_4007,,,,,,,,
435,CP048850.1,pD4-1,D4,ABUW_4094,,,,,,,,
436,CP048851.1,pD4,D4,ABUW_4004,,,,,,,,
436,CP048851.1,pD4,D4,ABUW_4005,,,,,,,,
436,CP048851.1,pD4,D4,ABUW_4006,,,,,,,,
436,CP048851.1,pD4,D4,ABUW_4007,,,,,,,,
436,CP048851.1,pD4,D4,ABUW_4094,,,,,,,,
437,CP048132.1,pD46-1,D46,ABUW_4004,,,,,,,,
437,CP048132.1,pD46-1,D46,ABUW_4005,,,,,,,,
437,CP048132.1,pD46-1,D46,ABUW_4006,,,,,,,,
437,CP048132.1,pD46-1,D46,ABUW_4007,,,,,,,,
437,CP048132.1,pD46-1,D46,ABUW_4094,,,,,,,,
438,CP048133.1,pD46-2,D46,ABUW_4004,,,,,,,,
438,CP048133.1,pD46-2,D46,ABUW_4005,,,,,,,,
438,CP048133.1,pD46-2,D46,ABUW_4006,,,,,,,,
438,CP048133.1,pD46-2,D46,ABUW_4007,,,,,,,,
438,CP048133.1,pD46-2,D46,ABUW_4094,,,,,,,,
440,CP048135.1,pD46-4,D46,ABUW_4004,,,,,,,,
440,CP048135.1,pD46-4,D46,ABUW_4005,,,,,,,,
440,CP048135.1,pD46-4,D46,ABUW_4006,,,,,,,,
440,CP048135.1,pD46-4,D46,ABUW_4007,,,,,,,,
440,CP048135.1,pD46-4,D46,ABUW_4094,,,,,,,,
441,CP047974.1,pDETAB1,DETAB-P2,ABUW_4004,,,,,,,,
441,CP047974.1,pDETAB1,DETAB-P2,ABUW_4005,,,,,,,,
441,CP047974.1,pDETAB1,DETAB-P2,ABUW_4006,,,,,,,,
441,CP047974.1,pDETAB1,DETAB-P2,ABUW_4007,,,,,,,,
441,CP047974.1,pDETAB1,DETAB-P2,ABUW_4094,,,,,,,,
442,CP047975.1,pDETAB2,DETAB-P2,ABUW_4004,,,,,,,,
442,CP047975.1,pDETAB2,DETAB-P2,ABUW_4005,,,,,,,,
442,CP047975.1,pDETAB2,DETAB-P2,ABUW_4006,,,,,,,,
442,CP047975.1,pDETAB2,DETAB-P2,ABUW_4007,,,,,,,,
442,CP047975.1,pDETAB2,DETAB-P2,ABUW_4094,,,,,,,,
443,CP047976.1,pDETAB3,DETAB-P2,ABUW_4004,,,,,,,,
443,CP047976.1,pDETAB3,DETAB-P2,ABUW_4005,,,,,,,,
443,CP047976.1,pDETAB3,DETAB-P2,ABUW_4006,,,,,,,,
443,CP047976.1,pDETAB3,DETAB-P2,ABUW_4007,,,,,,,,
443,CP047976.1,pDETAB3,DETAB-P2,ABUW_4094,,,,,,,,
444,CP048828.1,pABF9692,ABF9692,ABUW_4004,,,,,,,,
444,CP048828.1,pABF9692,ABF9692,ABUW_4005,,,,,,,,
444,CP048828.1,pABF9692,ABF9692,ABUW_4006,,,,,,,,
444,CP048828.1,pABF9692,ABF9692,ABUW_4007,,,,,,,,
444,CP048828.1,pABF9692,ABF9692,ABUW_4094,,,,,,,,
445,CP049315.1,pEx003,Ex003,ABUW_4004,,,,,,,,
445,CP049315.1,pEx003,Ex003,ABUW_4005,,,,,,,,
445,CP049315.1,pEx003,Ex003,ABUW_4006,,,,,,,,
445,CP049315.1,pEx003,Ex003,ABUW_4007,,,,,,,,
445,CP049315.1,pEx003,Ex003,ABUW_4094,,,,,,,,
446,AY541809.1,pMAC,ATCC19606,ABUW_4004,,,,,,,,
446,AY541809.1,pMAC,ATCC19606,ABUW_4005,,,,,,,,
446,AY541809.1,pMAC,ATCC19606,ABUW_4006,,,,,,,,
446,AY541809.1,pMAC,ATCC19606,ABUW_4007,,,,,,,,
446,AY541809.1,pMAC,ATCC19606,ABUW_4094,,,,,,,,
447,GQ476987.1,pMMCU2,CU2,ABUW_4004,,,,,,,,
447,GQ476987.1,pMMCU2,CU2,ABUW_4005,,,,,,,,
447,GQ476987.1,pMMCU2,CU2,ABUW_4006,,,,,,,,
447,GQ476987.1,pMMCU2,CU2,ABUW_4007,,,,,,,,
447,GQ476987.1,pMMCU2,CU2,ABUW_4094,,,,,,,,
448,GQ377752.1,pMMA2,-,ABUW_4004,,,,,,,,
448,GQ377752.1,pMMA2,-,ABUW_4005,,,,,,,,
448,GQ377752.1,pMMA2,-,ABUW_4006,,,,,,,,
448,GQ377752.1,pMMA2,-,ABUW_4007,,,,,,,,
448,GQ377752.1,pMMA2,-,ABUW_4094,,,,,,,,
449,GQ904227.1,pMMCU3,-,ABUW_4004,,,,,,,,
449,GQ904227.1,pMMCU3,-,ABUW_4005,,,,,,,,
449,GQ904227.1,pMMCU3,-,ABUW_4006,,,,,,,,
449,GQ904227.1,pMMCU3,-,ABUW_4007,,,,,,,,
449,GQ904227.1,pMMCU3,-,ABUW_4094,,,,,,,,
450,GQ904226.1,pMMD,-,ABUW_4004,,,,,,,,
450,GQ904226.1,pMMD,-,ABUW_4005,,,,,,,,
450,GQ904226.1,pMMD,-,ABUW_4006,,,,,,,,
450,GQ904226.1,pMMD,-,ABUW_4007,,,,,,,,
450,GQ904226.1,pMMD,-,ABUW_4094,,,,,,,,
451,EU294228.1,pABIR,ABIR,ABUW_4004,,,,,,,,
451,EU294228.1,pABIR,ABIR,ABUW_4005,,,,,,,,
451,EU294228.1,pABIR,ABIR,ABUW_4006,,,,,,,,
451,EU294228.1,pABIR,ABIR,ABUW_4007,,,,,,,,
451,EU294228.1,pABIR,ABIR,ABUW_4094,,,,,,,,
452,KC503911.1,pNDM-AB,GF216,ABUW_4004,40.464,,,91,,,,
452,KC503911.1,pNDM-AB,GF216,ABUW_4005,,,,,,,,
452,KC503911.1,pNDM-AB,GF216,ABUW_4006,,,,,,,,
452,KC503911.1,pNDM-AB,GF216,ABUW_4007,,,,,,,,
452,KC503911.1,pNDM-AB,GF216,ABUW_4094,,,,,,,,
454,KJ586856.1,"pAB-G7-1,",G7,ABUW_4004,,,,,,,,
454,KJ586856.1,"pAB-G7-1,",G7,ABUW_4005,,,,,,,,
454,KJ586856.1,"pAB-G7-1,",G7,ABUW_4006,,,,,,,,
454,KJ586856.1,"pAB-G7-1,",G7,ABUW_4007,,,,,,,,
454,KJ586856.1,"pAB-G7-1,",G7,ABUW_4094,,,,,,,,
455,JF343536.2,pRAY*-v1,C2,ABUW_4004,,,,,,,,
455,JF343536.2,pRAY*-v1,C2,ABUW_4005,,,,,,,,
455,JF343536.2,pRAY*-v1,C2,ABUW_4006,,,,,,,,
455,JF343536.2,pRAY*-v1,C2,ABUW_4007,,,,,,,,
455,JF343536.2,pRAY*-v1,C2,ABUW_4094,,,,,,,,
456,JX076770.1,pRAY*-v2,E7,ABUW_4004,,,,,,,,
456,JX076770.1,pRAY*-v2,E7,ABUW_4005,,,,,,,,
456,JX076770.1,pRAY*-v2,E7,ABUW_4006,,,,,,,,
456,JX076770.1,pRAY*-v2,E7,ABUW_4007,,,,,,,,
456,JX076770.1,pRAY*-v2,E7,ABUW_4094,,,,,,,,
457,JX069966.1,pAB120,K60,ABUW_4004,,,,,,,,
457,JX069966.1,pAB120,K60,ABUW_4005,,,,,,,,
457,JX069966.1,pAB120,K60,ABUW_4006,,,,,,,,
457,JX069966.1,pAB120,K60,ABUW_4007,,,,,,,,
457,JX069966.1,pAB120,K60,ABUW_4094,,,,,,,,
458,KT852971.1,p255n_1,255_n,ABUW_4004,,,,,,,,
458,KT852971.1,p255n_1,255_n,ABUW_4005,,,,,,,,
458,KT852971.1,p255n_1,255_n,ABUW_4006,,,,,,,,
458,KT852971.1,p255n_1,255_n,ABUW_4007,,,,,,,,
458,KT852971.1,p255n_1,255_n,ABUW_4094,,,,,,,,
460,KM051986.1,pD72-1,D72,ABUW_4004,,,,,,,,
460,KM051986.1,pD72-1,D72,ABUW_4005,,,,,,,,
460,KM051986.1,pD72-1,D72,ABUW_4006,,,,,,,,
460,KM051986.1,pD72-1,D72,ABUW_4007,,,,,,,,
460,KM051986.1,pD72-1,D72,ABUW_4094,,,,,,,,
462,KR535993.1,pA105-2,A105,ABUW_4004,,,,,,,,
462,KR535993.1,pA105-2,A105,ABUW_4005,,,,,,,,
462,KR535993.1,pA105-2,A105,ABUW_4006,,,,,,,,
462,KR535993.1,pA105-2,A105,ABUW_4007,,,,,,,,
462,KR535993.1,pA105-2,A105,ABUW_4094,,,,,,,,
463,KT022421.1,pAB-ML,ML,ABUW_4004,,,,,,,,
463,KT022421.1,pAB-ML,ML,ABUW_4005,,,,,,,,
463,KT022421.1,pAB-ML,ML,ABUW_4006,,,,,,,,
463,KT022421.1,pAB-ML,ML,ABUW_4007,,,,,,,,
463,KT022421.1,pAB-ML,ML,ABUW_4094,,,,,,,,
464,CP085789.1,pRCH52-1,RCH52,ABUW_4004,,,,,,,,
464,CP085789.1,pRCH52-1,RCH52,ABUW_4005,,,,,,,,
464,CP085789.1,pRCH52-1,RCH52,ABUW_4006,,,,,,,,
464,CP085789.1,pRCH52-1,RCH52,ABUW_4007,,,,,,,,
464,CP085789.1,pRCH52-1,RCH52,ABUW_4094,,,,,,,,
465,CP085790.1,pRCH52-2,RCH52,ABUW_4004,,,,,,,,
465,CP085790.1,pRCH52-2,RCH52,ABUW_4005,,,,,,,,
465,CP085790.1,pRCH52-2,RCH52,ABUW_4006,,,,,,,,
465,CP085790.1,pRCH52-2,RCH52,ABUW_4007,,,,,,,,
465,CP085790.1,pRCH52-2,RCH52,ABUW_4094,,,,,,,,
466,KJ534569.1,AbATCC329,ATCC 329,ABUW_4004,,,,,,,,
466,KJ534569.1,AbATCC329,ATCC 329,ABUW_4005,,,,,,,,
466,KJ534569.1,AbATCC329,ATCC 329,ABUW_4006,,,,,,,,
466,KJ534569.1,AbATCC329,ATCC 329,ABUW_4007,,,,,,,,
466,KJ534569.1,AbATCC329,ATCC 329,ABUW_4094,,,,,,,,
467,KJ534568.1,AbATCC223,ATCC 223,ABUW_4004,,,,,,,,
467,KJ534568.1,AbATCC223,ATCC 223,ABUW_4005,,,,,,,,
467,KJ534568.1,AbATCC223,ATCC 223,ABUW_4006,,,,,,,,
467,KJ534568.1,AbATCC223,ATCC 223,ABUW_4007,,,,,,,,
467,KJ534568.1,AbATCC223,ATCC 223,ABUW_4094,,,,,,,,
468,KX230793.1,pMAL-1,MAL,ABUW_4004,,,,,,,,
468,KX230793.1,pMAL-1,MAL,ABUW_4005,,,,,,,,
468,KX230793.1,pMAL-1,MAL,ABUW_4006,,,,,,,,
468,KX230793.1,pMAL-1,MAL,ABUW_4007,,,,,,,,
468,KX230793.1,pMAL-1,MAL,ABUW_4094,,,,,,,,
470,KX118105.1,IHIT7853-OXA-23,IHIT7853,ABUW_4004,,,,,,,,
470,KX118105.1,IHIT7853-OXA-23,IHIT7853,ABUW_4005,,,,,,,,
470,KX118105.1,IHIT7853-OXA-23,IHIT7853,ABUW_4006,,,,,,,,
470,KX118105.1,IHIT7853-OXA-23,IHIT7853,ABUW_4007,,,,,,,,
470,KX118105.1,IHIT7853-OXA-23,IHIT7853,ABUW_4094,,,,,,,,
471,KU744946.1,pA297-3,A297(RUH875) ,ABUW_4004,,,,,,,,
471,KU744946.1,pA297-3,A297(RUH875) ,ABUW_4005,,,,,,,,
471,KU744946.1,pA297-3,A297(RUH875) ,ABUW_4006,,,,,,,,
471,KU744946.1,pA297-3,A297(RUH875) ,ABUW_4007,,,,,,,,
471,KU744946.1,pA297-3,A297(RUH875) ,ABUW_4094,,,,,,,,
472,KU869528.1,pA297-2,A297(RUH875) ,ABUW_4004,,,,,,,,
472,KU869528.1,pA297-2,A297(RUH875) ,ABUW_4005,,,,,,,,
472,KU869528.1,pA297-2,A297(RUH875) ,ABUW_4006,,,,,,,,
472,KU869528.1,pA297-2,A297(RUH875) ,ABUW_4007,,,,,,,,
472,KU869528.1,pA297-2,A297(RUH875) ,ABUW_4094,,,,,,,,
473,KU869529.1,pA297-1 (pRAY*),A297(RUH875) ,ABUW_4004,,,,,,,,
473,KU869529.1,pA297-1 (pRAY*),A297(RUH875) ,ABUW_4005,,,,,,,,
473,KU869529.1,pA297-1 (pRAY*),A297(RUH875) ,ABUW_4006,,,,,,,,
473,KU869529.1,pA297-1 (pRAY*),A297(RUH875) ,ABUW_4007,,,,,,,,
473,KU869529.1,pA297-1 (pRAY*),A297(RUH875) ,ABUW_4094,,,,,,,,
475,KU500415.1,ABA02,JV1,ABUW_4004,,,,,,,,
475,KU500415.1,ABA02,JV1,ABUW_4005,,,,,,,,
475,KU500415.1,ABA02,JV1,ABUW_4006,,,,,,,,
475,KU500415.1,ABA02,JV1,ABUW_4007,,,,,,,,
475,KU500415.1,ABA02,JV1,ABUW_4094,,,,,,,,
476,KY202458.1,pIBAC_oxa58_20C15,AB20C15,ABUW_4004,,,,,,,,
476,KY202458.1,pIBAC_oxa58_20C15,AB20C15,ABUW_4005,,,,,,,,
476,KY202458.1,pIBAC_oxa58_20C15,AB20C15,ABUW_4006,,,,,,,,
476,KY202458.1,pIBAC_oxa58_20C15,AB20C15,ABUW_4007,,,,,,,,
476,KY202458.1,pIBAC_oxa58_20C15,AB20C15,ABUW_4094,,,,,,,,
477,KY202457.1,pIBAC_oxa58_2RED,AB2RED09,ABUW_4004,,,,,,,,
477,KY202457.1,pIBAC_oxa58_2RED,AB2RED09,ABUW_4005,,,,,,,,
477,KY202457.1,pIBAC_oxa58_2RED,AB2RED09,ABUW_4006,,,,,,,,
477,KY202457.1,pIBAC_oxa58_2RED,AB2RED09,ABUW_4007,,,,,,,,
477,KY202457.1,pIBAC_oxa58_2RED,AB2RED09,ABUW_4094,,,,,,,,
478,KY202456.1,pIBAC_oxa58_1433,AB1433,ABUW_4004,,,,,,,,
478,KY202456.1,pIBAC_oxa58_1433,AB1433,ABUW_4005,,,,,,,,
478,KY202456.1,pIBAC_oxa58_1433,AB1433,ABUW_4006,,,,,,,,
478,KY202456.1,pIBAC_oxa58_1433,AB1433,ABUW_4007,,,,,,,,
478,KY202456.1,pIBAC_oxa58_1433,AB1433,ABUW_4094,,,,,,,,
480,KY704308.1,pAbIHIT32296,IHIT32296,ABUW_4004,,,,,,,,
480,KY704308.1,pAbIHIT32296,IHIT32296,ABUW_4005,,,,,,,,
480,KY704308.1,pAbIHIT32296,IHIT32296,ABUW_4006,,,,,,,,
480,KY704308.1,pAbIHIT32296,IHIT32296,ABUW_4007,,,,,,,,
480,KY704308.1,pAbIHIT32296,IHIT32296,ABUW_4094,,,,,,,,
481,KY617771.1,pS30-1,SGH0823,ABUW_4004,,,,,,,,
481,KY617771.1,pS30-1,SGH0823,ABUW_4005,,,,,,,,
481,KY617771.1,pS30-1,SGH0823,ABUW_4006,,,,,,,,
481,KY617771.1,pS30-1,SGH0823,ABUW_4007,,,,,,,,
481,KY617771.1,pS30-1,SGH0823,ABUW_4094,,,,,,,,
483,MK053932.1,Piec383,IEC383,ABUW_4004,40.464,,,91,,,,
483,MK053932.1,Piec383,IEC383,ABUW_4005,,,,,,,,
483,MK053932.1,Piec383,IEC383,ABUW_4006,,,,,,,,
483,MK053932.1,Piec383,IEC383,ABUW_4007,,,,,,,,
483,MK053932.1,Piec383,IEC383,ABUW_4094,,,,,,,,
484,MG954378.1,pS32-1,SGH0905,ABUW_4004,,,,,,,,
484,MG954378.1,pS32-1,SGH0905,ABUW_4005,,,,,,,,
484,MG954378.1,pS32-1,SGH0905,ABUW_4006,,,,,,,,
484,MG954378.1,pS32-1,SGH0905,ABUW_4007,,,,,,,,
484,MG954378.1,pS32-1,SGH0905,ABUW_4094,,,,,,,,
486,MG954376.1,pS21-1,SGH9601,ABUW_4004,,,,,,,,
486,MG954376.1,pS21-1,SGH9601,ABUW_4005,,,,,,,,
486,MG954376.1,pS21-1,SGH9601,ABUW_4006,,,,,,,,
486,MG954376.1,pS21-1,SGH9601,ABUW_4007,,,,,,,,
486,MG954376.1,pS21-1,SGH9601,ABUW_4094,,,,,,,,
488,MG520098.1,pAb244_7,Ab244,ABUW_4004,,,,,,,,
488,MG520098.1,pAb244_7,Ab244,ABUW_4005,,,,,,,,
488,MG520098.1,pAb244_7,Ab244,ABUW_4006,,,,,,,,
488,MG520098.1,pAb244_7,Ab244,ABUW_4007,,,,,,,,
488,MG520098.1,pAb244_7,Ab244,ABUW_4094,,,,,,,,
489,MG100202.1,pAb825_36,Ab825,ABUW_4004,,,,,,,,
489,MG100202.1,pAb825_36,Ab825,ABUW_4005,,,,,,,,
489,MG100202.1,pAb825_36,Ab825,ABUW_4006,,,,,,,,
489,MG100202.1,pAb825_36,Ab825,ABUW_4007,,,,,,,,
489,MG100202.1,pAb825_36,Ab825,ABUW_4094,,,,,,,,
490,MG100202.1,pAb825_36,Ab825,ABUW_4004,,,,,,,,
490,MG100202.1,pAb825_36,Ab825,ABUW_4005,,,,,,,,
490,MG100202.1,pAb825_36,Ab825,ABUW_4006,,,,,,,,
490,MG100202.1,pAb825_36,Ab825,ABUW_4007,,,,,,,,
490,MG100202.1,pAb825_36,Ab825,ABUW_4094,,,,,,,,
491,MG100202.1,pAb825_36,Ab825,ABUW_4004,,,,,,,,
491,MG100202.1,pAb825_36,Ab825,ABUW_4005,,,,,,,,
491,MG100202.1,pAb825_36,Ab825,ABUW_4006,,,,,,,,
491,MG100202.1,pAb825_36,Ab825,ABUW_4007,,,,,,,,
491,MG100202.1,pAb825_36,Ab825,ABUW_4094,,,,,,,,
492,MK323042.1,pAb45063_a,Acb-45063,ABUW_4004,,,,,,,,
492,MK323042.1,pAb45063_a,Acb-45063,ABUW_4005,,,,,,,,
492,MK323042.1,pAb45063_a,Acb-45063,ABUW_4006,,,,,,,,
492,MK323042.1,pAb45063_a,Acb-45063,ABUW_4007,,,,,,,,
492,MK323042.1,pAb45063_a,Acb-45063,ABUW_4094,,,,,,,,
493,MK323043.1,pAb45063_b,Acb-45063,ABUW_4004,,,,,,,,
493,MK323043.1,pAb45063_b,Acb-45063,ABUW_4005,,,,,,,,
493,MK323043.1,pAb45063_b,Acb-45063,ABUW_4006,,,,,,,,
493,MK323043.1,pAb45063_b,Acb-45063,ABUW_4007,,,,,,,,
493,MK323043.1,pAb45063_b,Acb-45063,ABUW_4094,,,,,,,,
494,MK386684.1,pABAY15001_6E,ABAY15001,ABUW_4004,,,,,,,,
494,MK386684.1,pABAY15001_6E,ABAY15001,ABUW_4005,,,,,,,,
494,MK386684.1,pABAY15001_6E,ABAY15001,ABUW_4006,,,,,,,,
494,MK386684.1,pABAY15001_6E,ABAY15001,ABUW_4007,,,,,,,,
494,MK386684.1,pABAY15001_6E,ABAY15001,ABUW_4094,,,,,,,,
495,MK386683.1,pABAY14012_4D,ABAY14012,ABUW_4004,,,,,,,,
495,MK386683.1,pABAY14012_4D,ABAY14012,ABUW_4005,,,,,,,,
495,MK386683.1,pABAY14012_4D,ABAY14012,ABUW_4006,,,,,,,,
495,MK386683.1,pABAY14012_4D,ABAY14012,ABUW_4007,,,,,,,,
495,MK386683.1,pABAY14012_4D,ABAY14012,ABUW_4094,,,,,,,,
496,MK386682.1,pABAY10001_1C,ABAY10001,ABUW_4004,83.673,,,93,,,,
496,MK386682.1,pABAY10001_1C,ABAY10001,ABUW_4005,55.975,,,90,,,,
496,MK386682.1,pABAY10001_1C,ABAY10001,ABUW_4006,51.24,,,96,,,,
496,MK386682.1,pABAY10001_1C,ABAY10001,ABUW_4007,46.774,,,95,,,,
496,MK386682.1,pABAY10001_1C,ABAY10001,ABUW_4094,46.591,,,79,,,,
498,MK386680.1,pABAY04001_1A,ABAY04001,ABUW_4004,,,,,,,,
498,MK386680.1,pABAY04001_1A,ABAY04001,ABUW_4005,,,,,,,,
498,MK386680.1,pABAY04001_1A,ABAY04001,ABUW_4006,,,,,,,,
498,MK386680.1,pABAY04001_1A,ABAY04001,ABUW_4007,,,,,,,,
498,MK386680.1,pABAY04001_1A,ABAY04001,ABUW_4094,,,,,,,,
499,MK431775.1,pO237-4,11A14CRGN003,ABUW_4004,,,,,,,,
499,MK431775.1,pO237-4,11A14CRGN003,ABUW_4005,,,,,,,,
499,MK431775.1,pO237-4,11A14CRGN003,ABUW_4006,,,,,,,,
499,MK431775.1,pO237-4,11A14CRGN003,ABUW_4007,,,,,,,,
499,MK431775.1,pO237-4,11A14CRGN003,ABUW_4094,,,,,,,,
500,HG380023.1,ABIBUN107mP1,107m,ABUW_4004,,,,,,,,
500,HG380023.1,ABIBUN107mP1,107m,ABUW_4005,,,,,,,,
500,HG380023.1,ABIBUN107mP1,107m,ABUW_4006,,,,,,,,
500,HG380023.1,ABIBUN107mP1,107m,ABUW_4007,,,,,,,,
500,HG380023.1,ABIBUN107mP1,107m,ABUW_4094,,,,,,,,
501,AB823544.1,pAB-NCGM253,NCGM 253,ABUW_4004,,,,,,,,
501,AB823544.1,pAB-NCGM253,NCGM 253,ABUW_4005,,,,,,,,
501,AB823544.1,pAB-NCGM253,NCGM 253,ABUW_4006,,,,,,,,
501,AB823544.1,pAB-NCGM253,NCGM 253,ABUW_4007,,,,,,,,
501,AB823544.1,pAB-NCGM253,NCGM 253,ABUW_4094,,,,,,,,
502,FM210331.1,pABVA01,VA-566/00,ABUW_4004,,,,,,,,
502,FM210331.1,pABVA01,VA-566/00,ABUW_4005,,,,,,,,
502,FM210331.1,pABVA01,VA-566/00,ABUW_4006,,,,,,,,
502,FM210331.1,pABVA01,VA-566/00,ABUW_4007,,,,,,,,
502,FM210331.1,pABVA01,VA-566/00,ABUW_4094,,,,,,,,
504,CP050918.1,p1DT-Ab003,DT-Ab003,ABUW_4004,,,,,,,,
504,CP050918.1,p1DT-Ab003,DT-Ab003,ABUW_4005,,,,,,,,
504,CP050918.1,p1DT-Ab003,DT-Ab003,ABUW_4006,,,,,,,,
504,CP050918.1,p1DT-Ab003,DT-Ab003,ABUW_4007,,,,,,,,
504,CP050918.1,p1DT-Ab003,DT-Ab003,ABUW_4094,,,,,,,,
507,CP050913.1,p1DT-Ab020,DT-Ab020,ABUW_4004,,,,,,,,
507,CP050913.1,p1DT-Ab020,DT-Ab020,ABUW_4005,,,,,,,,
507,CP050913.1,p1DT-Ab020,DT-Ab020,ABUW_4006,,,,,,,,
507,CP050913.1,p1DT-Ab020,DT-Ab020,ABUW_4007,,,,,,,,
507,CP050913.1,p1DT-Ab020,DT-Ab020,ABUW_4094,,,,,,,,
508,CP050908.1,p3DT-Ab022,DT-Ab022,ABUW_4004,,,,,,,,
508,CP050908.1,p3DT-Ab022,DT-Ab022,ABUW_4005,,,,,,,,
508,CP050908.1,p3DT-Ab022,DT-Ab022,ABUW_4006,,,,,,,,
508,CP050908.1,p3DT-Ab022,DT-Ab022,ABUW_4007,,,,,,,,
508,CP050908.1,p3DT-Ab022,DT-Ab022,ABUW_4094,,,,,,,,
510,CP050910.1,p1DT-Ab0,DT-Ab022,ABUW_4004,,,,,,,,
510,CP050910.1,p1DT-Ab0,DT-Ab022,ABUW_4005,,,,,,,,
510,CP050910.1,p1DT-Ab0,DT-Ab022,ABUW_4006,,,,,,,,
510,CP050910.1,p1DT-Ab0,DT-Ab022,ABUW_4007,,,,,,,,
510,CP050910.1,p1DT-Ab0,DT-Ab022,ABUW_4094,,,,,,,,
511,CP050905.1,p2DT-Ab057,DT-Ab057,ABUW_4004,,,,,,,,
511,CP050905.1,p2DT-Ab057,DT-Ab057,ABUW_4005,,,,,,,,
511,CP050905.1,p2DT-Ab057,DT-Ab057,ABUW_4006,,,,,,,,
511,CP050905.1,p2DT-Ab057,DT-Ab057,ABUW_4007,,,,,,,,
511,CP050905.1,p2DT-Ab057,DT-Ab057,ABUW_4094,,,,,,,,
512,CP050906.1,p1DT-Ab057,DT-Ab057,ABUW_4004,,,,,,,,
512,CP050906.1,p1DT-Ab057,DT-Ab057,ABUW_4005,,,,,,,,
512,CP050906.1,p1DT-Ab057,DT-Ab057,ABUW_4006,,,,,,,,
512,CP050906.1,p1DT-Ab057,DT-Ab057,ABUW_4007,,,,,,,,
512,CP050906.1,p1DT-Ab057,DT-Ab057,ABUW_4094,,,,,,,,
513,CP050386.1,pVB82_1,VB82,ABUW_4004,,,,,,,,
513,CP050386.1,pVB82_1,VB82,ABUW_4005,,,,,,,,
513,CP050386.1,pVB82_1,VB82,ABUW_4006,,,,,,,,
513,CP050386.1,pVB82_1,VB82,ABUW_4007,,,,,,,,
513,CP050386.1,pVB82_1,VB82,ABUW_4094,,,,,,,,
514,CP050387.1,pVB82_2,VB82,ABUW_4004,,,,,,,,
514,CP050387.1,pVB82_2,VB82,ABUW_4005,,,,,,,,
514,CP050387.1,pVB82_2,VB82,ABUW_4006,,,,,,,,
514,CP050387.1,pVB82_2,VB82,ABUW_4007,,,,,,,,
514,CP050387.1,pVB82_2,VB82,ABUW_4094,,,,,,,,
515,CP050389.1,pVB473_1,VB473,ABUW_4004,,,,,,,,
515,CP050389.1,pVB473_1,VB473,ABUW_4005,,,,,,,,
515,CP050389.1,pVB473_1,VB473,ABUW_4006,,,,,,,,
515,CP050389.1,pVB473_1,VB473,ABUW_4007,,,,,,,,
515,CP050389.1,pVB473_1,VB473,ABUW_4094,,,,,,,,
516,CP050391.1,pVB723_1,VB723,ABUW_4004,,,,,,,,
516,CP050391.1,pVB723_1,VB723,ABUW_4005,,,,,,,,
516,CP050391.1,pVB723_1,VB723,ABUW_4006,,,,,,,,
516,CP050391.1,pVB723_1,VB723,ABUW_4007,,,,,,,,
516,CP050391.1,pVB723_1,VB723,ABUW_4094,,,,,,,,
518,CP050393.1,pVB11737_2,VB11737,ABUW_4004,,,,,,,,
518,CP050393.1,pVB11737_2,VB11737,ABUW_4005,,,,,,,,
518,CP050393.1,pVB11737_2,VB11737,ABUW_4006,,,,,,,,
518,CP050393.1,pVB11737_2,VB11737,ABUW_4007,,,,,,,,
518,CP050393.1,pVB11737_2,VB11737,ABUW_4094,,,,,,,,
519,CP050394.1,pVB11737_3,VB11737,ABUW_4004,,,,,,,,
519,CP050394.1,pVB11737_3,VB11737,ABUW_4005,,,,,,,,
519,CP050394.1,pVB11737_3,VB11737,ABUW_4006,,,,,,,,
519,CP050394.1,pVB11737_3,VB11737,ABUW_4007,,,,,,,,
519,CP050394.1,pVB11737_3,VB11737,ABUW_4094,,,,,,,,
520,CP050395.1,pVB11737_4,VB11737,ABUW_4004,,,,,,,,
520,CP050395.1,pVB11737_4,VB11737,ABUW_4005,,,,,,,,
520,CP050395.1,pVB11737_4,VB11737,ABUW_4006,,,,,,,,
520,CP050395.1,pVB11737_4,VB11737,ABUW_4007,,,,,,,,
520,CP050395.1,pVB11737_4,VB11737,ABUW_4094,,,,,,,,
521,CP050524.1,pVB7036_1,VB7036,ABUW_4004,,,,,,,,
521,CP050524.1,pVB7036_1,VB7036,ABUW_4005,,,,,,,,
521,CP050524.1,pVB7036_1,VB7036,ABUW_4006,,,,,,,,
521,CP050524.1,pVB7036_1,VB7036,ABUW_4007,,,,,,,,
521,CP050524.1,pVB7036_1,VB7036,ABUW_4094,,,,,,,,
522,CP050402.1,pVB2181,VB2181,ABUW_4004,,,,,,,,
522,CP050402.1,pVB2181,VB2181,ABUW_4005,,,,,,,,
522,CP050402.1,pVB2181,VB2181,ABUW_4006,,,,,,,,
522,CP050402.1,pVB2181,VB2181,ABUW_4007,,,,,,,,
522,CP050402.1,pVB2181,VB2181,ABUW_4094,,,,,,,,
523,CP050527.1,pVB2139_1,VB2139,ABUW_4004,,,,,,,,
523,CP050527.1,pVB2139_1,VB2139,ABUW_4005,,,,,,,,
523,CP050527.1,pVB2139_1,VB2139,ABUW_4006,,,,,,,,
523,CP050527.1,pVB2139_1,VB2139,ABUW_4007,,,,,,,,
523,CP050527.1,pVB2139_1,VB2139,ABUW_4094,,,,,,,,
524,CP050528.1,pVB2139_2,VB2139,ABUW_4004,,,,,,,,
524,CP050528.1,pVB2139_2,VB2139,ABUW_4005,,,,,,,,
524,CP050528.1,pVB2139_2,VB2139,ABUW_4006,,,,,,,,
524,CP050528.1,pVB2139_2,VB2139,ABUW_4007,,,,,,,,
524,CP050528.1,pVB2139_2,VB2139,ABUW_4094,,,,,,,,
525,CP050529.1,pVB2139_3,VB2139,ABUW_4004,,,,,,,,
525,CP050529.1,pVB2139_3,VB2139,ABUW_4005,,,,,,,,
525,CP050529.1,pVB2139_3,VB2139,ABUW_4006,,,,,,,,
525,CP050529.1,pVB2139_3,VB2139,ABUW_4007,,,,,,,,
525,CP050529.1,pVB2139_3,VB2139,ABUW_4094,,,,,,,,
527,CP050405.1,pVB2486_2,VB2486,ABUW_4004,,,,,,,,
527,CP050405.1,pVB2486_2,VB2486,ABUW_4005,,,,,,,,
527,CP050405.1,pVB2486_2,VB2486,ABUW_4006,,,,,,,,
527,CP050405.1,pVB2486_2,VB2486,ABUW_4007,,,,,,,,
527,CP050405.1,pVB2486_2,VB2486,ABUW_4094,,,,,,,,
528,CP050406.1,pVB2486_3,VB2486,ABUW_4004,,,,,,,,
528,CP050406.1,pVB2486_3,VB2486,ABUW_4005,,,,,,,,
528,CP050406.1,pVB2486_3,VB2486,ABUW_4006,,,,,,,,
528,CP050406.1,pVB2486_3,VB2486,ABUW_4007,,,,,,,,
528,CP050406.1,pVB2486_3,VB2486,ABUW_4094,,,,,,,,
529,CP050407.1,pVB2486_4,VB2486,ABUW_4004,,,,,,,,
529,CP050407.1,pVB2486_4,VB2486,ABUW_4005,,,,,,,,
529,CP050407.1,pVB2486_4,VB2486,ABUW_4006,,,,,,,,
529,CP050407.1,pVB2486_4,VB2486,ABUW_4007,,,,,,,,
529,CP050407.1,pVB2486_4,VB2486,ABUW_4094,,,,,,,,
530,CP050408.1,pVB2486_5,VB2486,ABUW_4004,,,,,,,,
530,CP050408.1,pVB2486_5,VB2486,ABUW_4005,,,,,,,,
530,CP050408.1,pVB2486_5,VB2486,ABUW_4006,,,,,,,,
530,CP050408.1,pVB2486_5,VB2486,ABUW_4007,,,,,,,,
530,CP050408.1,pVB2486_5,VB2486,ABUW_4094,,,,,,,,
531,CP050409.1,pVB2486_6,VB2486,ABUW_4004,,,,,,,,
531,CP050409.1,pVB2486_6,VB2486,ABUW_4005,,,,,,,,
531,CP050409.1,pVB2486_6,VB2486,ABUW_4006,,,,,,,,
531,CP050409.1,pVB2486_6,VB2486,ABUW_4007,,,,,,,,
531,CP050409.1,pVB2486_6,VB2486,ABUW_4094,,,,,,,,
532,CP051475.1,pVB2107_1,VB2107,ABUW_4004,,,,,,,,
532,CP051475.1,pVB2107_1,VB2107,ABUW_4005,,,,,,,,
532,CP051475.1,pVB2107_1,VB2107,ABUW_4006,,,,,,,,
532,CP051475.1,pVB2107_1,VB2107,ABUW_4007,,,,,,,,
532,CP051475.1,pVB2107_1,VB2107,ABUW_4094,,,,,,,,
533,CP051476.1,pVB2107_2,VB2107,ABUW_4004,,,,,,,,
533,CP051476.1,pVB2107_2,VB2107,ABUW_4005,,,,,,,,
533,CP051476.1,pVB2107_2,VB2107,ABUW_4006,,,,,,,,
533,CP051476.1,pVB2107_2,VB2107,ABUW_4007,,,,,,,,
533,CP051476.1,pVB2107_2,VB2107,ABUW_4094,,,,,,,,
534,CP051477.1,pVB2107_3,VB2107,ABUW_4004,,,,,,,,
534,CP051477.1,pVB2107_3,VB2107,ABUW_4005,,,,,,,,
534,CP051477.1,pVB2107_3,VB2107,ABUW_4006,,,,,,,,
534,CP051477.1,pVB2107_3,VB2107,ABUW_4007,,,,,,,,
534,CP051477.1,pVB2107_3,VB2107,ABUW_4094,,,,,,,,
535,CP050422.1,pVB2200_1,VB2200,ABUW_4004,,,,,,,,
535,CP050422.1,pVB2200_1,VB2200,ABUW_4005,,,,,,,,
535,CP050422.1,pVB2200_1,VB2200,ABUW_4006,,,,,,,,
535,CP050422.1,pVB2200_1,VB2200,ABUW_4007,,,,,,,,
535,CP050422.1,pVB2200_1,VB2200,ABUW_4094,,,,,,,,
536,CP050423.1,pVB2200_2,VB2200,ABUW_4004,,,,,,,,
536,CP050423.1,pVB2200_2,VB2200,ABUW_4005,,,,,,,,
536,CP050423.1,pVB2200_2,VB2200,ABUW_4006,,,,,,,,
536,CP050423.1,pVB2200_2,VB2200,ABUW_4007,,,,,,,,
536,CP050423.1,pVB2200_2,VB2200,ABUW_4094,,,,,,,,
537,CP050411.1,pPM192235_1,PM1912235,ABUW_4004,,,,,,,,
537,CP050411.1,pPM192235_1,PM1912235,ABUW_4005,,,,,,,,
537,CP050411.1,pPM192235_1,PM1912235,ABUW_4006,,,,,,,,
537,CP050411.1,pPM192235_1,PM1912235,ABUW_4007,,,,,,,,
537,CP050411.1,pPM192235_1,PM1912235,ABUW_4094,,,,,,,,
539,CP050414.1,pPM192696_2,PM192696,ABUW_4004,,,,,,,,
539,CP050414.1,pPM192696_2,PM192696,ABUW_4005,,,,,,,,
539,CP050414.1,pPM192696_2,PM192696,ABUW_4006,,,,,,,,
539,CP050414.1,pPM192696_2,PM192696,ABUW_4007,,,,,,,,
539,CP050414.1,pPM192696_2,PM192696,ABUW_4094,,,,,,,,
540,CP050416.1,pPM193665_1,PM193665,ABUW_4004,,,,,,,,
540,CP050416.1,pPM193665_1,PM193665,ABUW_4005,,,,,,,,
540,CP050416.1,pPM193665_1,PM193665,ABUW_4006,,,,,,,,
540,CP050416.1,pPM193665_1,PM193665,ABUW_4007,,,,,,,,
540,CP050416.1,pPM193665_1,PM193665,ABUW_4094,,,,,,,,
541,CP050417.1,pPM193665_2,PM193665,ABUW_4004,,,,,,,,
541,CP050417.1,pPM193665_2,PM193665,ABUW_4005,,,,,,,,
541,CP050417.1,pPM193665_2,PM193665,ABUW_4006,,,,,,,,
541,CP050417.1,pPM193665_2,PM193665,ABUW_4007,,,,,,,,
541,CP050417.1,pPM193665_2,PM193665,ABUW_4094,,,,,,,,
542,CP050418.1,pPM193665_3,PM193665,ABUW_4004,,,,,,,,
542,CP050418.1,pPM193665_3,PM193665,ABUW_4005,,,,,,,,
542,CP050418.1,pPM193665_3,PM193665,ABUW_4006,,,,,,,,
542,CP050418.1,pPM193665_3,PM193665,ABUW_4007,,,,,,,,
542,CP050418.1,pPM193665_3,PM193665,ABUW_4094,,,,,,,,
543,CP050419.1,pPM193665_4,PM193665,ABUW_4004,,,,,,,,
543,CP050419.1,pPM193665_4,PM193665,ABUW_4005,,,,,,,,
543,CP050419.1,pPM193665_4,PM193665,ABUW_4006,,,,,,,,
543,CP050419.1,pPM193665_4,PM193665,ABUW_4007,,,,,,,,
543,CP050419.1,pPM193665_4,PM193665,ABUW_4094,,,,,,,,
544,CP050420.1,pPM193665_5,PM193665,ABUW_4004,,,,,,,,
544,CP050420.1,pPM193665_5,PM193665,ABUW_4005,,,,,,,,
544,CP050420.1,pPM193665_5,PM193665,ABUW_4006,,,,,,,,
544,CP050420.1,pPM193665_5,PM193665,ABUW_4007,,,,,,,,
544,CP050420.1,pPM193665_5,PM193665,ABUW_4094,,,,,,,,
545,CP050426.1,pPM194122_1,PM194188,ABUW_4004,,,,,,,,
545,CP050426.1,pPM194122_1,PM194188,ABUW_4005,,,,,,,,
545,CP050426.1,pPM194122_1,PM194188,ABUW_4006,,,,,,,,
545,CP050426.1,pPM194122_1,PM194188,ABUW_4007,,,,,,,,
545,CP050426.1,pPM194122_1,PM194188,ABUW_4094,,,,,,,,
546,CP050427.1,pPM194122_2,PM194188,ABUW_4004,,,,,,,,
546,CP050427.1,pPM194122_2,PM194188,ABUW_4005,,,,,,,,
546,CP050427.1,pPM194122_2,PM194188,ABUW_4006,,,,,,,,
546,CP050427.1,pPM194122_2,PM194188,ABUW_4007,,,,,,,,
546,CP050427.1,pPM194122_2,PM194188,ABUW_4094,,,,,,,,
547,CP050428.1,pPM194122_3,PM194188,ABUW_4004,,,,,,,,
547,CP050428.1,pPM194122_3,PM194188,ABUW_4005,,,,,,,,
547,CP050428.1,pPM194122_3,PM194188,ABUW_4006,,,,,,,,
547,CP050428.1,pPM194122_3,PM194188,ABUW_4007,,,,,,,,
547,CP050428.1,pPM194122_3,PM194188,ABUW_4094,,,,,,,,
548,CP050429.1,pPM194122_4,PM194188,ABUW_4004,,,,,,,,
548,CP050429.1,pPM194122_4,PM194188,ABUW_4005,,,,,,,,
548,CP050429.1,pPM194122_4,PM194188,ABUW_4006,,,,,,,,
548,CP050429.1,pPM194122_4,PM194188,ABUW_4007,,,,,,,,
548,CP050429.1,pPM194122_4,PM194188,ABUW_4094,,,,,,,,
549,CP050430.1,pPM194122_5,PM194188,ABUW_4004,,,,,,,,
549,CP050430.1,pPM194122_5,PM194188,ABUW_4005,,,,,,,,
549,CP050430.1,pPM194122_5,PM194188,ABUW_4006,,,,,,,,
549,CP050430.1,pPM194122_5,PM194188,ABUW_4007,,,,,,,,
549,CP050430.1,pPM194122_5,PM194188,ABUW_4094,,,,,,,,
550,CP050431.1,pPM194122_6,PM194188,ABUW_4004,,,,,,,,
550,CP050431.1,pPM194122_6,PM194188,ABUW_4005,,,,,,,,
550,CP050431.1,pPM194122_6,PM194188,ABUW_4006,,,,,,,,
550,CP050431.1,pPM194122_6,PM194188,ABUW_4007,,,,,,,,
550,CP050431.1,pPM194122_6,PM194188,ABUW_4094,,,,,,,,
551,CP050433.1,pPM194229_1,PM194229,ABUW_4004,,,,,,,,
551,CP050433.1,pPM194229_1,PM194229,ABUW_4005,,,,,,,,
551,CP050433.1,pPM194229_1,PM194229,ABUW_4006,,,,,,,,
551,CP050433.1,pPM194229_1,PM194229,ABUW_4007,,,,,,,,
551,CP050433.1,pPM194229_1,PM194229,ABUW_4094,,,,,,,,
552,CP050434.1,pPM194229_2,PM194229,ABUW_4004,,,,,,,,
552,CP050434.1,pPM194229_2,PM194229,ABUW_4005,,,,,,,,
552,CP050434.1,pPM194229_2,PM194229,ABUW_4006,,,,,,,,
552,CP050434.1,pPM194229_2,PM194229,ABUW_4007,,,,,,,,
552,CP050434.1,pPM194229_2,PM194229,ABUW_4094,,,,,,,,
553,CP050435.1,pPM194229_3,PM194229,ABUW_4004,,,,,,,,
553,CP050435.1,pPM194229_3,PM194229,ABUW_4005,,,,,,,,
553,CP050435.1,pPM194229_3,PM194229,ABUW_4006,,,,,,,,
553,CP050435.1,pPM194229_3,PM194229,ABUW_4007,,,,,,,,
553,CP050435.1,pPM194229_3,PM194229,ABUW_4094,,,,,,,,
554,CP051876.1,pAb-B004d-c_1,Ab-B004d-c,ABUW_4004,,,,,,,,
554,CP051876.1,pAb-B004d-c_1,Ab-B004d-c,ABUW_4005,,,,,,,,
554,CP051876.1,pAb-B004d-c_1,Ab-B004d-c,ABUW_4006,,,,,,,,
554,CP051876.1,pAb-B004d-c_1,Ab-B004d-c,ABUW_4007,,,,,,,,
554,CP051876.1,pAb-B004d-c_1,Ab-B004d-c,ABUW_4094,,,,,,,,
555,CP051877.1,pAb-B004d-c_2,Ab-B004d-c,ABUW_4004,,,,,,,,
555,CP051877.1,pAb-B004d-c_2,Ab-B004d-c,ABUW_4005,,,,,,,,
555,CP051877.1,pAb-B004d-c_2,Ab-B004d-c,ABUW_4006,,,,,,,,
555,CP051877.1,pAb-B004d-c_2,Ab-B004d-c,ABUW_4007,,,,,,,,
555,CP051877.1,pAb-B004d-c_2,Ab-B004d-c,ABUW_4094,,,,,,,,
556,CP051878.1,pAb-B004d-c_3,Ab-B004d-c,ABUW_4004,,,,,,,,
556,CP051878.1,pAb-B004d-c_3,Ab-B004d-c,ABUW_4005,,,,,,,,
556,CP051878.1,pAb-B004d-c_3,Ab-B004d-c,ABUW_4006,,,,,,,,
556,CP051878.1,pAb-B004d-c_3,Ab-B004d-c,ABUW_4007,,,,,,,,
556,CP051878.1,pAb-B004d-c_3,Ab-B004d-c,ABUW_4094,,,,,,,,
557,CP051870.1,pAb-D10a-a_1,Ab-D10a-a,ABUW_4004,,,,,,,,
557,CP051870.1,pAb-D10a-a_1,Ab-D10a-a,ABUW_4005,,,,,,,,
557,CP051870.1,pAb-D10a-a_1,Ab-D10a-a,ABUW_4006,,,,,,,,
557,CP051870.1,pAb-D10a-a_1,Ab-D10a-a,ABUW_4007,,,,,,,,
557,CP051870.1,pAb-D10a-a_1,Ab-D10a-a,ABUW_4094,,,,,,,,
558,CP051871.1,pAb-D10a-a_2,Ab-D10a-a,ABUW_4004,,,,,,,,
558,CP051871.1,pAb-D10a-a_2,Ab-D10a-a,ABUW_4005,,,,,,,,
558,CP051871.1,pAb-D10a-a_2,Ab-D10a-a,ABUW_4006,,,,,,,,
558,CP051871.1,pAb-D10a-a_2,Ab-D10a-a,ABUW_4007,,,,,,,,
558,CP051871.1,pAb-D10a-a_2,Ab-D10a-a,ABUW_4094,,,,,,,,
559,CP051872.1,pAb-D10a-a_3,Ab-D10a-a,ABUW_4004,,,,,,,,
559,CP051872.1,pAb-D10a-a_3,Ab-D10a-a,ABUW_4005,,,,,,,,
559,CP051872.1,pAb-D10a-a_3,Ab-D10a-a,ABUW_4006,,,,,,,,
559,CP051872.1,pAb-D10a-a_3,Ab-D10a-a,ABUW_4007,,,,,,,,
559,CP051872.1,pAb-D10a-a_3,Ab-D10a-a,ABUW_4094,,,,,,,,
560,CP051873.1,pAb-D10a-a_4,Ab-D10a-a,ABUW_4004,,,,,,,,
560,CP051873.1,pAb-D10a-a_4,Ab-D10a-a,ABUW_4005,,,,,,,,
560,CP051873.1,pAb-D10a-a_4,Ab-D10a-a,ABUW_4006,,,,,,,,
560,CP051873.1,pAb-D10a-a_4,Ab-D10a-a,ABUW_4007,,,,,,,,
560,CP051873.1,pAb-D10a-a_4,Ab-D10a-a,ABUW_4094,,,,,,,,
561,CP051867.1,pAb-C63_1,Ab-C63,ABUW_4004,,,,,,,,
561,CP051867.1,pAb-C63_1,Ab-C63,ABUW_4005,,,,,,,,
561,CP051867.1,pAb-C63_1,Ab-C63,ABUW_4006,,,,,,,,
561,CP051867.1,pAb-C63_1,Ab-C63,ABUW_4007,,,,,,,,
561,CP051867.1,pAb-C63_1,Ab-C63,ABUW_4094,,,,,,,,
562,CP051868.1,pAb-C63_2,Ab-C63,ABUW_4004,,,,,,,,
562,CP051868.1,pAb-C63_2,Ab-C63,ABUW_4005,,,,,,,,
562,CP051868.1,pAb-C63_2,Ab-C63,ABUW_4006,,,,,,,,
562,CP051868.1,pAb-C63_2,Ab-C63,ABUW_4007,,,,,,,,
562,CP051868.1,pAb-C63_2,Ab-C63,ABUW_4094,,,,,,,,
563,CP051863.1,pAb-C102_1,Ab-C102,ABUW_4004,,,,,,,,
563,CP051863.1,pAb-C102_1,Ab-C102,ABUW_4005,,,,,,,,
563,CP051863.1,pAb-C102_1,Ab-C102,ABUW_4006,,,,,,,,
563,CP051863.1,pAb-C102_1,Ab-C102,ABUW_4007,,,,,,,,
563,CP051863.1,pAb-C102_1,Ab-C102,ABUW_4094,,,,,,,,
564,CP051864.1,pAb-C102_2,Ab-C102,ABUW_4004,,,,,,,,
564,CP051864.1,pAb-C102_2,Ab-C102,ABUW_4005,,,,,,,,
564,CP051864.1,pAb-C102_2,Ab-C102,ABUW_4006,,,,,,,,
564,CP051864.1,pAb-C102_2,Ab-C102,ABUW_4007,,,,,,,,
564,CP051864.1,pAb-C102_2,Ab-C102,ABUW_4094,,,,,,,,
565,CP051865.1,pAb-C102_3,Ab-C102,ABUW_4004,,,,,,,,
565,CP051865.1,pAb-C102_3,Ab-C102,ABUW_4005,,,,,,,,
565,CP051865.1,pAb-C102_3,Ab-C102,ABUW_4006,,,,,,,,
565,CP051865.1,pAb-C102_3,Ab-C102,ABUW_4007,,,,,,,,
565,CP051865.1,pAb-C102_3,Ab-C102,ABUW_4094,,,,,,,,
566,CP053216.1,p2DT0544C,DT0544C,ABUW_4004,,,,,,,,
566,CP053216.1,p2DT0544C,DT0544C,ABUW_4005,,,,,,,,
566,CP053216.1,p2DT0544C,DT0544C,ABUW_4006,,,,,,,,
566,CP053216.1,p2DT0544C,DT0544C,ABUW_4007,,,,,,,,
566,CP053216.1,p2DT0544C,DT0544C,ABUW_4094,,,,,,,,
567,CP053217.1,p1DT0544C,DT0544C,ABUW_4004,,,,,,,,
567,CP053217.1,p1DT0544C,DT0544C,ABUW_4005,,,,,,,,
567,CP053217.1,p1DT0544C,DT0544C,ABUW_4006,,,,,,,,
567,CP053217.1,p1DT0544C,DT0544C,ABUW_4007,,,,,,,,
567,CP053217.1,p1DT0544C,DT0544C,ABUW_4094,,,,,,,,
568,CP053219.1,p3DT01139C,DT01139C,ABUW_4004,,,,,,,,
568,CP053219.1,p3DT01139C,DT01139C,ABUW_4005,,,,,,,,
568,CP053219.1,p3DT01139C,DT01139C,ABUW_4006,,,,,,,,
568,CP053219.1,p3DT01139C,DT01139C,ABUW_4007,,,,,,,,
568,CP053219.1,p3DT01139C,DT01139C,ABUW_4094,,,,,,,,
569,CP053220.1,p2DT01139C,DT01139C,ABUW_4004,,,,,,,,
569,CP053220.1,p2DT01139C,DT01139C,ABUW_4005,,,,,,,,
569,CP053220.1,p2DT01139C,DT01139C,ABUW_4006,,,,,,,,
569,CP053220.1,p2DT01139C,DT01139C,ABUW_4007,,,,,,,,
569,CP053220.1,p2DT01139C,DT01139C,ABUW_4094,,,,,,,,
570,CP053221.1,p1DT01139C,DT01139C,ABUW_4004,,,,,,,,
570,CP053221.1,p1DT01139C,DT01139C,ABUW_4005,,,,,,,,
570,CP053221.1,p1DT01139C,DT01139C,ABUW_4006,,,,,,,,
570,CP053221.1,p1DT01139C,DT01139C,ABUW_4007,,,,,,,,
570,CP053221.1,p1DT01139C,DT01139C,ABUW_4094,,,,,,,,
571,CP054417.1,pAB79*,AB79,ABUW_4004,,,,,,,,
571,CP054417.1,pAB79*,AB79,ABUW_4005,,,,,,,,
571,CP054417.1,pAB79*,AB79,ABUW_4006,,,,,,,,
571,CP054417.1,pAB79*,AB79,ABUW_4007,,,,,,,,
571,CP054417.1,pAB79*,AB79,ABUW_4094,,,,,,,,
572,CP054561.1,pYC103-1,YC103,ABUW_4004,,,,,,,,
572,CP054561.1,pYC103-1,YC103,ABUW_4005,,,,,,,,
572,CP054561.1,pYC103-1,YC103,ABUW_4006,,,,,,,,
572,CP054561.1,pYC103-1,YC103,ABUW_4007,,,,,,,,
572,CP054561.1,pYC103-1,YC103,ABUW_4094,,,,,,,,
573,CP056785.1,pTP1A,TP1,ABUW_4004,,,,,,,,
573,CP056785.1,pTP1A,TP1,ABUW_4005,,,,,,,,
573,CP056785.1,pTP1A,TP1,ABUW_4006,,,,,,,,
573,CP056785.1,pTP1A,TP1,ABUW_4007,,,,,,,,
573,CP056785.1,pTP1A,TP1,ABUW_4094,,,,,,,,
574,CP058626.1,pATCCBAA1605,ATCC BAA1605,ABUW_4004,,,,,,,,
574,CP058626.1,pATCCBAA1605,ATCC BAA1605,ABUW_4005,,,,,,,,
574,CP058626.1,pATCCBAA1605,ATCC BAA1605,ABUW_4006,,,,,,,,
574,CP058626.1,pATCCBAA1605,ATCC BAA1605,ABUW_4007,,,,,,,,
574,CP058626.1,pATCCBAA1605,ATCC BAA1605,ABUW_4094,,,,,,,,
575,CP058730.1,pM164-3.1,M164-3,ABUW_4004,,,,,,,,
575,CP058730.1,pM164-3.1,M164-3,ABUW_4005,,,,,,,,
575,CP058730.1,pM164-3.1,M164-3,ABUW_4006,,,,,,,,
575,CP058730.1,pM164-3.1,M164-3,ABUW_4007,,,,,,,,
575,CP058730.1,pM164-3.1,M164-3,ABUW_4094,,,,,,,,
576,CP058731.1,pM164-3.2,M164-3,ABUW_4004,,,,,,,,
576,CP058731.1,pM164-3.2,M164-3,ABUW_4005,,,,,,,,
576,CP058731.1,pM164-3.2,M164-3,ABUW_4006,,,,,,,,
576,CP058731.1,pM164-3.2,M164-3,ABUW_4007,,,,,,,,
576,CP058731.1,pM164-3.2,M164-3,ABUW_4094,,,,,,,,
577,JACGEH010000071.1,pAbCTX2_15kb,AbCTX2,ABUW_4004,,,,,,,,
577,JACGEH010000071.1,pAbCTX2_15kb,AbCTX2,ABUW_4005,,,,,,,,
577,JACGEH010000071.1,pAbCTX2_15kb,AbCTX2,ABUW_4006,,,,,,,,
577,JACGEH010000071.1,pAbCTX2_15kb,AbCTX2,ABUW_4007,,,,,,,,
577,JACGEH010000071.1,pAbCTX2_15kb,AbCTX2,ABUW_4094,,,,,,,,
578,JACGEI010000083.1,pAbCTX11_15kb,AbCTX11,ABUW_4004,,,,,,,,
578,JACGEI010000083.1,pAbCTX11_15kb,AbCTX11,ABUW_4005,,,,,,,,
578,JACGEI010000083.1,pAbCTX11_15kb,AbCTX11,ABUW_4006,,,,,,,,
578,JACGEI010000083.1,pAbCTX11_15kb,AbCTX11,ABUW_4007,,,,,,,,
578,JACGEI010000083.1,pAbCTX11_15kb,AbCTX11,ABUW_4094,,,,,,,,
579,JACGEJ010000130.1,pAbCTX19_9kb,AbCTX19,ABUW_4004,,,,,,,,
579,JACGEJ010000130.1,pAbCTX19_9kb,AbCTX19,ABUW_4005,,,,,,,,
579,JACGEJ010000130.1,pAbCTX19_9kb,AbCTX19,ABUW_4006,,,,,,,,
579,JACGEJ010000130.1,pAbCTX19_9kb,AbCTX19,ABUW_4007,,,,,,,,
579,JACGEJ010000130.1,pAbCTX19_9kb,AbCTX19,ABUW_4094,,,,,,,,
580,JACGEK010000079.1,pAbCTX17_7kb,AbCTX17,ABUW_4004,,,,,,,,
580,JACGEK010000079.1,pAbCTX17_7kb,AbCTX17,ABUW_4005,,,,,,,,
580,JACGEK010000079.1,pAbCTX17_7kb,AbCTX17,ABUW_4006,,,,,,,,
580,JACGEK010000079.1,pAbCTX17_7kb,AbCTX17,ABUW_4007,,,,,,,,
580,JACGEK010000079.1,pAbCTX17_7kb,AbCTX17,ABUW_4094,,,,,,,,
581,JACGEK010000080.1,pAbCTX17_17kb,AbCTX17,ABUW_4004,,,,,,,,
581,JACGEK010000080.1,pAbCTX17_17kb,AbCTX17,ABUW_4005,,,,,,,,
581,JACGEK010000080.1,pAbCTX17_17kb,AbCTX17,ABUW_4006,,,,,,,,
581,JACGEK010000080.1,pAbCTX17_17kb,AbCTX17,ABUW_4007,,,,,,,,
581,JACGEK010000080.1,pAbCTX17_17kb,AbCTX17,ABUW_4094,,,,,,,,
582,CP092029.1,pAbCTX5,AbCTX5,ABUW_4004,,,,,,,,
582,CP092029.1,pAbCTX5,AbCTX5,ABUW_4005,,,,,,,,
582,CP092029.1,pAbCTX5,AbCTX5,ABUW_4006,,,,,,,,
582,CP092029.1,pAbCTX5,AbCTX5,ABUW_4007,,,,,,,,
582,CP092029.1,pAbCTX5,AbCTX5,ABUW_4094,,,,,,,,
583,CP092030.1,pAbCTX9,AbCTX9,ABUW_4004,,,,,,,,
583,CP092030.1,pAbCTX9,AbCTX9,ABUW_4005,,,,,,,,
583,CP092030.1,pAbCTX9,AbCTX9,ABUW_4006,,,,,,,,
583,CP092030.1,pAbCTX9,AbCTX9,ABUW_4007,,,,,,,,
583,CP092030.1,pAbCTX9,AbCTX9,ABUW_4094,,,,,,,,
584,CP059730.1,pAbCTX13_7kb,AbCTX13,ABUW_4004,,,,,,,,
584,CP059730.1,pAbCTX13_7kb,AbCTX13,ABUW_4005,,,,,,,,
584,CP059730.1,pAbCTX13_7kb,AbCTX13,ABUW_4006,,,,,,,,
584,CP059730.1,pAbCTX13_7kb,AbCTX13,ABUW_4007,,,,,,,,
584,CP059730.1,pAbCTX13_7kb,AbCTX13,ABUW_4094,,,,,,,,
585,CP059731.1,pAbCTX13_17kb,AbCTX13,ABUW_4004,,,,,,,,
585,CP059731.1,pAbCTX13_17kb,AbCTX13,ABUW_4005,,,,,,,,
585,CP059731.1,pAbCTX13_17kb,AbCTX13,ABUW_4006,,,,,,,,
585,CP059731.1,pAbCTX13_17kb,AbCTX13,ABUW_4007,,,,,,,,
585,CP059731.1,pAbCTX13_17kb,AbCTX13,ABUW_4094,,,,,,,,
587,CP082894.1,p2018HBAB1-1,2018HBAB1,ABUW_4004,,,,,,,,
587,CP082894.1,p2018HBAB1-1,2018HBAB1,ABUW_4005,,,,,,,,
587,CP082894.1,p2018HBAB1-1,2018HBAB1,ABUW_4006,,,,,,,,
587,CP082894.1,p2018HBAB1-1,2018HBAB1,ABUW_4007,,,,,,,,
587,CP082894.1,p2018HBAB1-1,2018HBAB1,ABUW_4094,,,,,,,,
590,CP082225.1,p2014BJAB1,2014BJAB1,ABUW_4004,83.673,,,93,,,,
590,CP082225.1,p2014BJAB1,2014BJAB1,ABUW_4005,55.975,,,90,,,,
590,CP082225.1,p2014BJAB1,2014BJAB1,ABUW_4006,51.24,,,96,,,,
590,CP082225.1,p2014BJAB1,2014BJAB1,ABUW_4007,46.774,,,95,,,,
590,CP082225.1,p2014BJAB1,2014BJAB1,ABUW_4094,46.591,,,79,,,,
591,CP082888.1,p2014LNAB1-1,2014LNAB1,ABUW_4004,,,,,,,,
591,CP082888.1,p2014LNAB1-1,2014LNAB1,ABUW_4005,,,,,,,,
591,CP082888.1,p2014LNAB1-1,2014LNAB1,ABUW_4006,,,,,,,,
591,CP082888.1,p2014LNAB1-1,2014LNAB1,ABUW_4007,,,,,,,,
591,CP082888.1,p2014LNAB1-1,2014LNAB1,ABUW_4094,,,,,,,,
592,CP082889.1,p2014LNAB1-2,2014LNAB1,ABUW_4004,83.673,,,93,,,,
592,CP082889.1,p2014LNAB1-2,2014LNAB1,ABUW_4005,55.975,,,90,,,,
592,CP082889.1,p2014LNAB1-2,2014LNAB1,ABUW_4006,51.24,,,96,,,,
592,CP082889.1,p2014LNAB1-2,2014LNAB1,ABUW_4007,46.774,,,95,,,,
592,CP082889.1,p2014LNAB1-2,2014LNAB1,ABUW_4094,46.591,,,79,,,,
593,CP082890.1,p2014LNAB1-3,2014LNAB1,ABUW_4004,,,,,,,,
593,CP082890.1,p2014LNAB1-3,2014LNAB1,ABUW_4005,,,,,,,,
593,CP082890.1,p2014LNAB1-3,2014LNAB1,ABUW_4006,,,,,,,,
593,CP082890.1,p2014LNAB1-3,2014LNAB1,ABUW_4007,,,,,,,,
593,CP082890.1,p2014LNAB1-3,2014LNAB1,ABUW_4094,,,,,,,,
594,CP082222.1,p2014TJAB1,2014TJAB1,ABUW_4004,83.673,,,93,,,,
594,CP082222.1,p2014TJAB1,2014TJAB1,ABUW_4005,55.975,,,90,,,,
594,CP082222.1,p2014TJAB1,2014TJAB1,ABUW_4006,51.24,,,96,,,,
594,CP082222.1,p2014TJAB1,2014TJAB1,ABUW_4007,46.774,,,95,,,,
594,CP082222.1,p2014TJAB1,2014TJAB1,ABUW_4094,46.591,,,79,,,,
598,CP059387.1,p1.36-1512,36-1512,ABUW_4004,,,,,,,,
598,CP059387.1,p1.36-1512,36-1512,ABUW_4005,,,,,,,,
598,CP059387.1,p1.36-1512,36-1512,ABUW_4006,,,,,,,,
598,CP059387.1,p1.36-1512,36-1512,ABUW_4007,,,,,,,,
598,CP059387.1,p1.36-1512,36-1512,ABUW_4094,,,,,,,,
599,CP059388.1,p2.36-1512,36-1512,ABUW_4004,,,,,,,,
599,CP059388.1,p2.36-1512,36-1512,ABUW_4005,,,,,,,,
599,CP059388.1,p2.36-1512,36-1512,ABUW_4006,,,,,,,,
599,CP059388.1,p2.36-1512,36-1512,ABUW_4007,,,,,,,,
599,CP059388.1,p2.36-1512,36-1512,ABUW_4094,,,,,,,,
600,CP059389.1,p3.36-1512,36-1512,ABUW_4004,,,,,,,,
600,CP059389.1,p3.36-1512,36-1512,ABUW_4005,,,,,,,,
600,CP059389.1,p3.36-1512,36-1512,ABUW_4006,,,,,,,,
600,CP059389.1,p3.36-1512,36-1512,ABUW_4007,,,,,,,,
600,CP059389.1,p3.36-1512,36-1512,ABUW_4094,,,,,,,,
601,CP059390.1,p4.36-1512,36-1512,ABUW_4004,,,,,,,,
601,CP059390.1,p4.36-1512,36-1512,ABUW_4005,,,,,,,,
601,CP059390.1,p4.36-1512,36-1512,ABUW_4006,,,,,,,,
601,CP059390.1,p4.36-1512,36-1512,ABUW_4007,,,,,,,,
601,CP059390.1,p4.36-1512,36-1512,ABUW_4094,,,,,,,,
602,CP059301.1,pAC1633-1,AC1633,ABUW_4004,,,,,,,,
602,CP059301.1,pAC1633-1,AC1633,ABUW_4005,,,,,,,,
602,CP059301.1,pAC1633-1,AC1633,ABUW_4006,,,,,,,,
602,CP059301.1,pAC1633-1,AC1633,ABUW_4007,,,,,,,,
602,CP059301.1,pAC1633-1,AC1633,ABUW_4094,,,,,,,,
603,CP059302.1,pAC1633-4,AC1633,ABUW_4004,,,,,,,,
603,CP059302.1,pAC1633-4,AC1633,ABUW_4005,,,,,,,,
603,CP059302.1,pAC1633-4,AC1633,ABUW_4006,,,,,,,,
603,CP059302.1,pAC1633-4,AC1633,ABUW_4007,,,,,,,,
603,CP059302.1,pAC1633-4,AC1633,ABUW_4094,,,,,,,,
604,CP059303.1,pAC1633-2,AC1633,ABUW_4004,,,,,,,,
604,CP059303.1,pAC1633-2,AC1633,ABUW_4005,,,,,,,,
604,CP059303.1,pAC1633-2,AC1633,ABUW_4006,,,,,,,,
604,CP059303.1,pAC1633-2,AC1633,ABUW_4007,,,,,,,,
604,CP059303.1,pAC1633-2,AC1633,ABUW_4094,,,,,,,,
605,CP059304.1,pAC1633-3,AC1633,ABUW_4004,,,,,,,,
605,CP059304.1,pAC1633-3,AC1633,ABUW_4005,,,,,,,,
605,CP059304.1,pAC1633-3,AC1633,ABUW_4006,,,,,,,,
605,CP059304.1,pAC1633-3,AC1633,ABUW_4007,,,,,,,,
605,CP059304.1,pAC1633-3,AC1633,ABUW_4094,,,,,,,,
606,CP059475.1,pM175-3.1,M175-3,ABUW_4004,,,,,,,,
606,CP059475.1,pM175-3.1,M175-3,ABUW_4005,,,,,,,,
606,CP059475.1,pM175-3.1,M175-3,ABUW_4006,,,,,,,,
606,CP059475.1,pM175-3.1,M175-3,ABUW_4007,,,,,,,,
606,CP059475.1,pM175-3.1,M175-3,ABUW_4094,,,,,,,,
607,CP059476.1,pM175-3.2,M175-3,ABUW_4004,,,,,,,,
607,CP059476.1,pM175-3.2,M175-3,ABUW_4005,,,,,,,,
607,CP059476.1,pM175-3.2,M175-3,ABUW_4006,,,,,,,,
607,CP059476.1,pM175-3.2,M175-3,ABUW_4007,,,,,,,,
607,CP059476.1,pM175-3.2,M175-3,ABUW_4094,,,,,,,,
608,CP059478.1,p17-84_OXA,17-84,ABUW_4004,,,,,,,,
608,CP059478.1,p17-84_OXA,17-84,ABUW_4005,,,,,,,,
608,CP059478.1,p17-84_OXA,17-84,ABUW_4006,,,,,,,,
608,CP059478.1,p17-84_OXA,17-84,ABUW_4007,,,,,,,,
608,CP059478.1,p17-84_OXA,17-84,ABUW_4094,,,,,,,,
609,CP059478.1,p17-84_OXA,17-84,ABUW_4004,,,,,,,,
609,CP059478.1,p17-84_OXA,17-84,ABUW_4005,,,,,,,,
609,CP059478.1,p17-84_OXA,17-84,ABUW_4006,,,,,,,,
609,CP059478.1,p17-84_OXA,17-84,ABUW_4007,,,,,,,,
609,CP059478.1,p17-84_OXA,17-84,ABUW_4094,,,,,,,,
610,CP059543.1,p3E-011922,E-011922,ABUW_4004,,,,,,,,
610,CP059543.1,p3E-011922,E-011922,ABUW_4005,,,,,,,,
610,CP059543.1,p3E-011922,E-011922,ABUW_4006,,,,,,,,
610,CP059543.1,p3E-011922,E-011922,ABUW_4007,,,,,,,,
610,CP059543.1,p3E-011922,E-011922,ABUW_4094,,,,,,,,
611,CP059544.1,p2E-011922,E-011922,ABUW_4004,,,,,,,,
611,CP059544.1,p2E-011922,E-011922,ABUW_4005,,,,,,,,
611,CP059544.1,p2E-011922,E-011922,ABUW_4006,,,,,,,,
611,CP059544.1,p2E-011922,E-011922,ABUW_4007,,,,,,,,
611,CP059544.1,p2E-011922,E-011922,ABUW_4094,,,,,,,,
612,CP059545.1,p1E-011922,E-011922,ABUW_4004,,,,,,,,
612,CP059545.1,p1E-011922,E-011922,ABUW_4005,,,,,,,,
612,CP059545.1,p1E-011922,E-011922,ABUW_4006,,,,,,,,
612,CP059545.1,p1E-011922,E-011922,ABUW_4007,,,,,,,,
612,CP059545.1,p1E-011922,E-011922,ABUW_4094,,,,,,,,
613,CP061706.1,p8E072658,E-072658,ABUW_4004,,,,,,,,
613,CP061706.1,p8E072658,E-072658,ABUW_4005,,,,,,,,
613,CP061706.1,p8E072658,E-072658,ABUW_4006,,,,,,,,
613,CP061706.1,p8E072658,E-072658,ABUW_4007,,,,,,,,
613,CP061706.1,p8E072658,E-072658,ABUW_4094,,,,,,,,
614,CP061706.1,p8E072658,E-072658,ABUW_4004,,,,,,,,
614,CP061706.1,p8E072658,E-072658,ABUW_4005,,,,,,,,
614,CP061706.1,p8E072658,E-072658,ABUW_4006,,,,,,,,
614,CP061706.1,p8E072658,E-072658,ABUW_4007,,,,,,,,
614,CP061706.1,p8E072658,E-072658,ABUW_4094,,,,,,,,
615,CP061707.1,p7E072658,E-072658,ABUW_4004,,,,,,,,
615,CP061707.1,p7E072658,E-072658,ABUW_4005,,,,,,,,
615,CP061707.1,p7E072658,E-072658,ABUW_4006,,,,,,,,
615,CP061707.1,p7E072658,E-072658,ABUW_4007,,,,,,,,
615,CP061707.1,p7E072658,E-072658,ABUW_4094,,,,,,,,
616,CP061707.1,p7E072658,E-072658,ABUW_4004,,,,,,,,
616,CP061707.1,p7E072658,E-072658,ABUW_4005,,,,,,,,
616,CP061707.1,p7E072658,E-072658,ABUW_4006,,,,,,,,
616,CP061707.1,p7E072658,E-072658,ABUW_4007,,,,,,,,
616,CP061707.1,p7E072658,E-072658,ABUW_4094,,,,,,,,
617,CP061708.1,p6E072658,E-072658,ABUW_4004,,,,,,,,
617,CP061708.1,p6E072658,E-072658,ABUW_4005,,,,,,,,
617,CP061708.1,p6E072658,E-072658,ABUW_4006,,,,,,,,
617,CP061708.1,p6E072658,E-072658,ABUW_4007,,,,,,,,
617,CP061708.1,p6E072658,E-072658,ABUW_4094,,,,,,,,
618,CP061708.1,p6E072658,E-072658,ABUW_4004,,,,,,,,
618,CP061708.1,p6E072658,E-072658,ABUW_4005,,,,,,,,
618,CP061708.1,p6E072658,E-072658,ABUW_4006,,,,,,,,
618,CP061708.1,p6E072658,E-072658,ABUW_4007,,,,,,,,
618,CP061708.1,p6E072658,E-072658,ABUW_4094,,,,,,,,
619,CP061709.1,p5E072658,E-072658,ABUW_4004,,,,,,,,
619,CP061709.1,p5E072658,E-072658,ABUW_4005,,,,,,,,
619,CP061709.1,p5E072658,E-072658,ABUW_4006,,,,,,,,
619,CP061709.1,p5E072658,E-072658,ABUW_4007,,,,,,,,
619,CP061709.1,p5E072658,E-072658,ABUW_4094,,,,,,,,
620,CP061710.1,p4E072658,E-072658,ABUW_4004,,,,,,,,
620,CP061710.1,p4E072658,E-072658,ABUW_4005,,,,,,,,
620,CP061710.1,p4E072658,E-072658,ABUW_4006,,,,,,,,
620,CP061710.1,p4E072658,E-072658,ABUW_4007,,,,,,,,
620,CP061710.1,p4E072658,E-072658,ABUW_4094,,,,,,,,
621,CP061711.1,p3E072658,E-072658,ABUW_4004,,,,,,,,
621,CP061711.1,p3E072658,E-072658,ABUW_4005,,,,,,,,
621,CP061711.1,p3E072658,E-072658,ABUW_4006,,,,,,,,
621,CP061711.1,p3E072658,E-072658,ABUW_4007,,,,,,,,
621,CP061711.1,p3E072658,E-072658,ABUW_4094,,,,,,,,
622,CP061712.1,p2E072658,E-072658,ABUW_4004,,,,,,,,
622,CP061712.1,p2E072658,E-072658,ABUW_4005,,,,,,,,
622,CP061712.1,p2E072658,E-072658,ABUW_4006,,,,,,,,
622,CP061712.1,p2E072658,E-072658,ABUW_4007,,,,,,,,
622,CP061712.1,p2E072658,E-072658,ABUW_4094,,,,,,,,
623,CP061713.1,p1E072658,E-072658,ABUW_4004,,,,,,,,
623,CP061713.1,p1E072658,E-072658,ABUW_4005,,,,,,,,
623,CP061713.1,p1E072658,E-072658,ABUW_4006,,,,,,,,
623,CP061713.1,p1E072658,E-072658,ABUW_4007,,,,,,,,
623,CP061713.1,p1E072658,E-072658,ABUW_4094,,,,,,,,
624,CP065394.1,pAbBAS-1.2,AbBAS-1,ABUW_4004,,,,,,,,
624,CP065394.1,pAbBAS-1.2,AbBAS-1,ABUW_4005,,,,,,,,
624,CP065394.1,pAbBAS-1.2,AbBAS-1,ABUW_4006,,,,,,,,
624,CP065394.1,pAbBAS-1.2,AbBAS-1,ABUW_4007,,,,,,,,
624,CP065394.1,pAbBAS-1.2,AbBAS-1,ABUW_4094,,,,,,,,
625,CP060012.1,pTP2A,TP2,ABUW_4004,,,,,,,,
625,CP060012.1,pTP2A,TP2,ABUW_4005,,,,,,,,
625,CP060012.1,pTP2A,TP2,ABUW_4006,,,,,,,,
625,CP060012.1,pTP2A,TP2,ABUW_4007,,,,,,,,
625,CP060012.1,pTP2A,TP2,ABUW_4094,,,,,,,,
626,CP060014.1,pTP3A,TP3,ABUW_4004,,,,,,,,
626,CP060014.1,pTP3A,TP3,ABUW_4005,,,,,,,,
626,CP060014.1,pTP3A,TP3,ABUW_4006,,,,,,,,
626,CP060014.1,pTP3A,TP3,ABUW_4007,,,,,,,,
626,CP060014.1,pTP3A,TP3,ABUW_4094,,,,,,,,
627,CP060995.1,pCAb-65-2*,CAb-65,ABUW_4004,,,,,,,,
627,CP060995.1,pCAb-65-2*,CAb-65,ABUW_4005,,,,,,,,
627,CP060995.1,pCAb-65-2*,CAb-65,ABUW_4006,,,,,,,,
627,CP060995.1,pCAb-65-2*,CAb-65,ABUW_4007,,,,,,,,
627,CP060995.1,pCAb-65-2*,CAb-65,ABUW_4094,,,,,,,,
628,CP060996.1,pCAb-65-1*,CAb-65,ABUW_4004,,,,,,,,
628,CP060996.1,pCAb-65-1*,CAb-65,ABUW_4005,,,,,,,,
628,CP060996.1,pCAb-65-1*,CAb-65,ABUW_4006,,,,,,,,
628,CP060996.1,pCAb-65-1*,CAb-65,ABUW_4007,,,,,,,,
628,CP060996.1,pCAb-65-1*,CAb-65,ABUW_4094,,,,,,,,
629,JADAJL010000301.1,pRes13-Abat-EA3-S5-02-A,Res13-Abat-EA3-S5-02-A,ABUW_4004,,,,,,,,
629,JADAJL010000301.1,pRes13-Abat-EA3-S5-02-A,Res13-Abat-EA3-S5-02-A,ABUW_4005,,,,,,,,
629,JADAJL010000301.1,pRes13-Abat-EA3-S5-02-A,Res13-Abat-EA3-S5-02-A,ABUW_4006,,,,,,,,
629,JADAJL010000301.1,pRes13-Abat-EA3-S5-02-A,Res13-Abat-EA3-S5-02-A,ABUW_4007,,,,,,,,
629,JADAJL010000301.1,pRes13-Abat-EA3-S5-02-A,Res13-Abat-EA3-S5-02-A,ABUW_4094,,,,,,,,
630,JADAJJ010000299.1,pRes13-Abat-PEA16-P5-01-A,Res13-Abat-PEA16-P5-01-A,ABUW_4004,,,,,,,,
630,JADAJJ010000299.1,pRes13-Abat-PEA16-P5-01-A,Res13-Abat-PEA16-P5-01-A,ABUW_4005,,,,,,,,
630,JADAJJ010000299.1,pRes13-Abat-PEA16-P5-01-A,Res13-Abat-PEA16-P5-01-A,ABUW_4006,,,,,,,,
630,JADAJJ010000299.1,pRes13-Abat-PEA16-P5-01-A,Res13-Abat-PEA16-P5-01-A,ABUW_4007,,,,,,,,
630,JADAJJ010000299.1,pRes13-Abat-PEA16-P5-01-A,Res13-Abat-PEA16-P5-01-A,ABUW_4094,,,,,,,,
631,CP062920.1,p4Res13-Abat,Res13-Abat-PEA21-P4-01-A,ABUW_4004,,,,,,,,
631,CP062920.1,p4Res13-Abat,Res13-Abat-PEA21-P4-01-A,ABUW_4005,,,,,,,,
631,CP062920.1,p4Res13-Abat,Res13-Abat-PEA21-P4-01-A,ABUW_4006,,,,,,,,
631,CP062920.1,p4Res13-Abat,Res13-Abat-PEA21-P4-01-A,ABUW_4007,,,,,,,,
631,CP062920.1,p4Res13-Abat,Res13-Abat-PEA21-P4-01-A,ABUW_4094,,,,,,,,
633,CP062922.1,p2Res13-Abat,Res13-Abat-PEA21-P4-01-A,ABUW_4004,,,,,,,,
633,CP062922.1,p2Res13-Abat,Res13-Abat-PEA21-P4-01-A,ABUW_4005,,,,,,,,
633,CP062922.1,p2Res13-Abat,Res13-Abat-PEA21-P4-01-A,ABUW_4006,,,,,,,,
633,CP062922.1,p2Res13-Abat,Res13-Abat-PEA21-P4-01-A,ABUW_4007,,,,,,,,
633,CP062922.1,p2Res13-Abat,Res13-Abat-PEA21-P4-01-A,ABUW_4094,,,,,,,,
634,CP062923.1,p1Res13-Abat,Res13-Abat-PEA21-P4-01-A,ABUW_4004,,,,,,,,
634,CP062923.1,p1Res13-Abat,Res13-Abat-PEA21-P4-01-A,ABUW_4005,,,,,,,,
634,CP062923.1,p1Res13-Abat,Res13-Abat-PEA21-P4-01-A,ABUW_4006,,,,,,,,
634,CP062923.1,p1Res13-Abat,Res13-Abat-PEA21-P4-01-A,ABUW_4007,,,,,,,,
634,CP062923.1,p1Res13-Abat,Res13-Abat-PEA21-P4-01-A,ABUW_4094,,,,,,,,
635,CP062923.1,p1Res13-Abat,Res13-Abat-PEA21-P4-01-A,ABUW_4004,,,,,,,,
635,CP062923.1,p1Res13-Abat,Res13-Abat-PEA21-P4-01-A,ABUW_4005,,,,,,,,
635,CP062923.1,p1Res13-Abat,Res13-Abat-PEA21-P4-01-A,ABUW_4006,,,,,,,,
635,CP062923.1,p1Res13-Abat,Res13-Abat-PEA21-P4-01-A,ABUW_4007,,,,,,,,
635,CP062923.1,p1Res13-Abat,Res13-Abat-PEA21-P4-01-A,ABUW_4094,,,,,,,,
636,JADAIY010000264.1,pRes13-Abat-PEA28-P5-02-A,Res13-Abat-PEA28-P5-02-A,ABUW_4004,,,,,,,,
636,JADAIY010000264.1,pRes13-Abat-PEA28-P5-02-A,Res13-Abat-PEA28-P5-02-A,ABUW_4005,,,,,,,,
636,JADAIY010000264.1,pRes13-Abat-PEA28-P5-02-A,Res13-Abat-PEA28-P5-02-A,ABUW_4006,,,,,,,,
636,JADAIY010000264.1,pRes13-Abat-PEA28-P5-02-A,Res13-Abat-PEA28-P5-02-A,ABUW_4007,,,,,,,,
636,JADAIY010000264.1,pRes13-Abat-PEA28-P5-02-A,Res13-Abat-PEA28-P5-02-A,ABUW_4094,,,,,,,,
637,CP066017.1,pFDAARGOS_1036,FDAARGOS_1036,ABUW_4004,,,,,,,,
637,CP066017.1,pFDAARGOS_1036,FDAARGOS_1036,ABUW_4005,,,,,,,,
637,CP066017.1,pFDAARGOS_1036,FDAARGOS_1036,ABUW_4006,,,,,,,,
637,CP066017.1,pFDAARGOS_1036,FDAARGOS_1036,ABUW_4007,,,,,,,,
637,CP066017.1,pFDAARGOS_1036,FDAARGOS_1036,ABUW_4094,,,,,,,,
638,CP069852.1,pFDAARGOS_1359,FDAARGOS_1359,ABUW_4004,,,,,,,,
638,CP069852.1,pFDAARGOS_1359,FDAARGOS_1359,ABUW_4005,,,,,,,,
638,CP069852.1,pFDAARGOS_1359,FDAARGOS_1359,ABUW_4006,,,,,,,,
638,CP069852.1,pFDAARGOS_1359,FDAARGOS_1359,ABUW_4007,,,,,,,,
638,CP069852.1,pFDAARGOS_1359,FDAARGOS_1359,ABUW_4094,,,,,,,,
640,CP069842.1,p1FDAARGOS_1360,FDAARGOS_1360,ABUW_4004,,,,,,,,
640,CP069842.1,p1FDAARGOS_1360,FDAARGOS_1360,ABUW_4005,,,,,,,,
640,CP069842.1,p1FDAARGOS_1360,FDAARGOS_1360,ABUW_4006,,,,,,,,
640,CP069842.1,p1FDAARGOS_1360,FDAARGOS_1360,ABUW_4007,,,,,,,,
640,CP069842.1,p1FDAARGOS_1360,FDAARGOS_1360,ABUW_4094,,,,,,,,
641,CP064293.1,pABAUUSACASD_frag1,SD,ABUW_4004,,,,,,,,
641,CP064293.1,pABAUUSACASD_frag1,SD,ABUW_4005,,,,,,,,
641,CP064293.1,pABAUUSACASD_frag1,SD,ABUW_4006,,,,,,,,
641,CP064293.1,pABAUUSACASD_frag1,SD,ABUW_4007,,,,,,,,
641,CP064293.1,pABAUUSACASD_frag1,SD,ABUW_4094,,,,,,,,
642,CP064294.1,pABAUUSACASD_frag2,SD,ABUW_4004,,,,,,,,
642,CP064294.1,pABAUUSACASD_frag2,SD,ABUW_4005,,,,,,,,
642,CP064294.1,pABAUUSACASD_frag2,SD,ABUW_4006,,,,,,,,
642,CP064294.1,pABAUUSACASD_frag2,SD,ABUW_4007,,,,,,,,
642,CP064294.1,pABAUUSACASD_frag2,SD,ABUW_4094,,,,,,,,
643,CP065052.1,p5637,2016GDAB1,ABUW_4004,,,,,,,,
643,CP065052.1,p5637,2016GDAB1,ABUW_4005,,,,,,,,
643,CP065052.1,p5637,2016GDAB1,ABUW_4006,,,,,,,,
643,CP065052.1,p5637,2016GDAB1,ABUW_4007,,,,,,,,
643,CP065052.1,p5637,2016GDAB1,ABUW_4094,,,,,,,,
645,CP066239.1,pG20AB007-2,G20AB007,ABUW_4004,,,,,,,,
645,CP066239.1,pG20AB007-2,G20AB007,ABUW_4005,,,,,,,,
645,CP066239.1,pG20AB007-2,G20AB007,ABUW_4006,,,,,,,,
645,CP066239.1,pG20AB007-2,G20AB007,ABUW_4007,,,,,,,,
645,CP066239.1,pG20AB007-2,G20AB007,ABUW_4094,,,,,,,,
646,CP066240.1,pG20AB007-3,G20AB007,ABUW_4004,,,,,,,,
646,CP066240.1,pG20AB007-3,G20AB007,ABUW_4005,,,,,,,,
646,CP066240.1,pG20AB007-3,G20AB007,ABUW_4006,,,,,,,,
646,CP066240.1,pG20AB007-3,G20AB007,ABUW_4007,,,,,,,,
646,CP066240.1,pG20AB007-3,G20AB007,ABUW_4094,,,,,,,,
649,CP066234.1,pG20AB010-2,G20AB010,ABUW_4004,,,,,,,,
649,CP066234.1,pG20AB010-2,G20AB010,ABUW_4005,,,,,,,,
649,CP066234.1,pG20AB010-2,G20AB010,ABUW_4006,,,,,,,,
649,CP066234.1,pG20AB010-2,G20AB010,ABUW_4007,,,,,,,,
649,CP066234.1,pG20AB010-2,G20AB010,ABUW_4094,,,,,,,,
651,CP066231.1,"pG20AB011-2,",G20AB011,ABUW_4004,,,,,,,,
651,CP066231.1,"pG20AB011-2,",G20AB011,ABUW_4005,,,,,,,,
651,CP066231.1,"pG20AB011-2,",G20AB011,ABUW_4006,,,,,,,,
651,CP066231.1,"pG20AB011-2,",G20AB011,ABUW_4007,,,,,,,,
651,CP066231.1,"pG20AB011-2,",G20AB011,ABUW_4094,,,,,,,,
652,CP071764.1,p1cl415,Cl415,ABUW_4004,,,,,,,,
652,CP071764.1,p1cl415,Cl415,ABUW_4005,,,,,,,,
652,CP071764.1,p1cl415,Cl415,ABUW_4006,,,,,,,,
652,CP071764.1,p1cl415,Cl415,ABUW_4007,,,,,,,,
652,CP071764.1,p1cl415,Cl415,ABUW_4094,,,,,,,,
653,CP071765.1,p2Cl415,Cl415,ABUW_4004,,,,,,,,
653,CP071765.1,p2Cl415,Cl415,ABUW_4005,,,,,,,,
653,CP071765.1,p2Cl415,Cl415,ABUW_4006,,,,,,,,
653,CP071765.1,p2Cl415,Cl415,ABUW_4007,,,,,,,,
653,CP071765.1,p2Cl415,Cl415,ABUW_4094,,,,,,,,
654,CP071920.1,pABT-897-17,GIMC5510,ABUW_4004,,,,,,,,
654,CP071920.1,pABT-897-17,GIMC5510,ABUW_4005,,,,,,,,
654,CP071920.1,pABT-897-17,GIMC5510,ABUW_4006,,,,,,,,
654,CP071920.1,pABT-897-17,GIMC5510,ABUW_4007,,,,,,,,
654,CP071920.1,pABT-897-17,GIMC5510,ABUW_4094,,,,,,,,
655,CP072123.1,p1KSK1,KSK1,ABUW_4004,,,,,,,,
655,CP072123.1,p1KSK1,KSK1,ABUW_4005,,,,,,,,
655,CP072123.1,p1KSK1,KSK1,ABUW_4006,,,,,,,,
655,CP072123.1,p1KSK1,KSK1,ABUW_4007,,,,,,,,
655,CP072123.1,p1KSK1,KSK1,ABUW_4094,,,,,,,,
657,CP072125.1,p3KSK1,KSK1,ABUW_4004,,,,,,,,
657,CP072125.1,p3KSK1,KSK1,ABUW_4005,,,,,,,,
657,CP072125.1,p3KSK1,KSK1,ABUW_4006,,,,,,,,
657,CP072125.1,p3KSK1,KSK1,ABUW_4007,,,,,,,,
657,CP072125.1,p3KSK1,KSK1,ABUW_4094,,,,,,,,
658,CP072126.1,p4KSK1,KSK1,ABUW_4004,,,,,,,,
658,CP072126.1,p4KSK1,KSK1,ABUW_4005,,,,,,,,
658,CP072126.1,p4KSK1,KSK1,ABUW_4006,,,,,,,,
658,CP072126.1,p4KSK1,KSK1,ABUW_4007,,,,,,,,
658,CP072126.1,p4KSK1,KSK1,ABUW_4094,,,,,,,,
659,CP072399.1,p1KSK2,KSK2,ABUW_4004,,,,,,,,
659,CP072399.1,p1KSK2,KSK2,ABUW_4005,,,,,,,,
659,CP072399.1,p1KSK2,KSK2,ABUW_4006,,,,,,,,
659,CP072399.1,p1KSK2,KSK2,ABUW_4007,,,,,,,,
659,CP072399.1,p1KSK2,KSK2,ABUW_4094,,,,,,,,
661,CP072401.1,p3KSK2,KSK2,ABUW_4004,,,,,,,,
661,CP072401.1,p3KSK2,KSK2,ABUW_4005,,,,,,,,
661,CP072401.1,p3KSK2,KSK2,ABUW_4006,,,,,,,,
661,CP072401.1,p3KSK2,KSK2,ABUW_4007,,,,,,,,
661,CP072401.1,p3KSK2,KSK2,ABUW_4094,,,,,,,,
662,CP072402.1,p4KSK2,KSK2,ABUW_4004,,,,,,,,
662,CP072402.1,p4KSK2,KSK2,ABUW_4005,,,,,,,,
662,CP072402.1,p4KSK2,KSK2,ABUW_4006,,,,,,,,
662,CP072402.1,p4KSK2,KSK2,ABUW_4007,,,,,,,,
662,CP072402.1,p4KSK2,KSK2,ABUW_4094,,,,,,,,
663,CP072271.1,p1KSK6,KSK6,ABUW_4004,,,,,,,,
663,CP072271.1,p1KSK6,KSK6,ABUW_4005,,,,,,,,
663,CP072271.1,p1KSK6,KSK6,ABUW_4006,,,,,,,,
663,CP072271.1,p1KSK6,KSK6,ABUW_4007,,,,,,,,
663,CP072271.1,p1KSK6,KSK6,ABUW_4094,,,,,,,,
665,CP072273.1,p3KSK6,KSK6,ABUW_4004,,,,,,,,
665,CP072273.1,p3KSK6,KSK6,ABUW_4005,,,,,,,,
665,CP072273.1,p3KSK6,KSK6,ABUW_4006,,,,,,,,
665,CP072273.1,p3KSK6,KSK6,ABUW_4007,,,,,,,,
665,CP072273.1,p3KSK6,KSK6,ABUW_4094,,,,,,,,
666,CP072274.1,p4KSK6,KSK6,ABUW_4004,,,,,,,,
666,CP072274.1,p4KSK6,KSK6,ABUW_4005,,,,,,,,
666,CP072274.1,p4KSK6,KSK6,ABUW_4006,,,,,,,,
666,CP072274.1,p4KSK6,KSK6,ABUW_4007,,,,,,,,
666,CP072274.1,p4KSK6,KSK6,ABUW_4094,,,,,,,,
667,CP072276.1,p1KSK7,KSK7,ABUW_4004,,,,,,,,
667,CP072276.1,p1KSK7,KSK7,ABUW_4005,,,,,,,,
667,CP072276.1,p1KSK7,KSK7,ABUW_4006,,,,,,,,
667,CP072276.1,p1KSK7,KSK7,ABUW_4007,,,,,,,,
667,CP072276.1,p1KSK7,KSK7,ABUW_4094,,,,,,,,
669,CP072278.1,p3KSK7,KSK7,ABUW_4004,,,,,,,,
669,CP072278.1,p3KSK7,KSK7,ABUW_4005,,,,,,,,
669,CP072278.1,p3KSK7,KSK7,ABUW_4006,,,,,,,,
669,CP072278.1,p3KSK7,KSK7,ABUW_4007,,,,,,,,
669,CP072278.1,p3KSK7,KSK7,ABUW_4094,,,,,,,,
670,CP072279.1,p4KSK7,KSK7,ABUW_4004,,,,,,,,
670,CP072279.1,p4KSK7,KSK7,ABUW_4005,,,,,,,,
670,CP072279.1,p4KSK7,KSK7,ABUW_4006,,,,,,,,
670,CP072279.1,p4KSK7,KSK7,ABUW_4007,,,,,,,,
670,CP072279.1,p4KSK7,KSK7,ABUW_4094,,,,,,,,
671,CP072281.1,p1KSK10,KSK10,ABUW_4004,,,,,,,,
671,CP072281.1,p1KSK10,KSK10,ABUW_4005,,,,,,,,
671,CP072281.1,p1KSK10,KSK10,ABUW_4006,,,,,,,,
671,CP072281.1,p1KSK10,KSK10,ABUW_4007,,,,,,,,
671,CP072281.1,p1KSK10,KSK10,ABUW_4094,,,,,,,,
673,CP072283.1,p3KSK10,KSK10,ABUW_4004,,,,,,,,
673,CP072283.1,p3KSK10,KSK10,ABUW_4005,,,,,,,,
673,CP072283.1,p3KSK10,KSK10,ABUW_4006,,,,,,,,
673,CP072283.1,p3KSK10,KSK10,ABUW_4007,,,,,,,,
673,CP072283.1,p3KSK10,KSK10,ABUW_4094,,,,,,,,
674,CP072284.1,p4KSK10,KSK10,ABUW_4004,,,,,,,,
674,CP072284.1,p4KSK10,KSK10,ABUW_4005,,,,,,,,
674,CP072284.1,p4KSK10,KSK10,ABUW_4006,,,,,,,,
674,CP072284.1,p4KSK10,KSK10,ABUW_4007,,,,,,,,
674,CP072284.1,p4KSK10,KSK10,ABUW_4094,,,,,,,,
675,CP072286.1,p1KSK11,KSK11,ABUW_4004,,,,,,,,
675,CP072286.1,p1KSK11,KSK11,ABUW_4005,,,,,,,,
675,CP072286.1,p1KSK11,KSK11,ABUW_4006,,,,,,,,
675,CP072286.1,p1KSK11,KSK11,ABUW_4007,,,,,,,,
675,CP072286.1,p1KSK11,KSK11,ABUW_4094,,,,,,,,
677,CP072288.1,p3KSK11,KSK11,ABUW_4004,,,,,,,,
677,CP072288.1,p3KSK11,KSK11,ABUW_4005,,,,,,,,
677,CP072288.1,p3KSK11,KSK11,ABUW_4006,,,,,,,,
677,CP072288.1,p3KSK11,KSK11,ABUW_4007,,,,,,,,
677,CP072288.1,p3KSK11,KSK11,ABUW_4094,,,,,,,,
678,CP072289.1,p4KSK11,KSK11,ABUW_4004,,,,,,,,
678,CP072289.1,p4KSK11,KSK11,ABUW_4005,,,,,,,,
678,CP072289.1,p4KSK11,KSK11,ABUW_4006,,,,,,,,
678,CP072289.1,p4KSK11,KSK11,ABUW_4007,,,,,,,,
678,CP072289.1,p4KSK11,KSK11,ABUW_4094,,,,,,,,
679,CP072291.1,p1KSK18,KSK18,ABUW_4004,,,,,,,,
679,CP072291.1,p1KSK18,KSK18,ABUW_4005,,,,,,,,
679,CP072291.1,p1KSK18,KSK18,ABUW_4006,,,,,,,,
679,CP072291.1,p1KSK18,KSK18,ABUW_4007,,,,,,,,
679,CP072291.1,p1KSK18,KSK18,ABUW_4094,,,,,,,,
681,CP072293.1,p3KSK18,KSK18,ABUW_4004,,,,,,,,
681,CP072293.1,p3KSK18,KSK18,ABUW_4005,,,,,,,,
681,CP072293.1,p3KSK18,KSK18,ABUW_4006,,,,,,,,
681,CP072293.1,p3KSK18,KSK18,ABUW_4007,,,,,,,,
681,CP072293.1,p3KSK18,KSK18,ABUW_4094,,,,,,,,
682,CP072294.1,p4KSK18,KSK18,ABUW_4004,,,,,,,,
682,CP072294.1,p4KSK18,KSK18,ABUW_4005,,,,,,,,
682,CP072294.1,p4KSK18,KSK18,ABUW_4006,,,,,,,,
682,CP072294.1,p4KSK18,KSK18,ABUW_4007,,,,,,,,
682,CP072294.1,p4KSK18,KSK18,ABUW_4094,,,,,,,,
683,CP072296.1,p1KSK19,KSK19,ABUW_4004,,,,,,,,
683,CP072296.1,p1KSK19,KSK19,ABUW_4005,,,,,,,,
683,CP072296.1,p1KSK19,KSK19,ABUW_4006,,,,,,,,
683,CP072296.1,p1KSK19,KSK19,ABUW_4007,,,,,,,,
683,CP072296.1,p1KSK19,KSK19,ABUW_4094,,,,,,,,
685,CP072298.1,p3KSK19,KSK19,ABUW_4004,,,,,,,,
685,CP072298.1,p3KSK19,KSK19,ABUW_4005,,,,,,,,
685,CP072298.1,p3KSK19,KSK19,ABUW_4006,,,,,,,,
685,CP072298.1,p3KSK19,KSK19,ABUW_4007,,,,,,,,
685,CP072298.1,p3KSK19,KSK19,ABUW_4094,,,,,,,,
686,CP072299.1,p4KSK19,KSK19,ABUW_4004,,,,,,,,
686,CP072299.1,p4KSK19,KSK19,ABUW_4005,,,,,,,,
686,CP072299.1,p4KSK19,KSK19,ABUW_4006,,,,,,,,
686,CP072299.1,p4KSK19,KSK19,ABUW_4007,,,,,,,,
686,CP072299.1,p4KSK19,KSK19,ABUW_4094,,,,,,,,
687,CP072301.1,p1KSK20,KSK20,ABUW_4004,,,,,,,,
687,CP072301.1,p1KSK20,KSK20,ABUW_4005,,,,,,,,
687,CP072301.1,p1KSK20,KSK20,ABUW_4006,,,,,,,,
687,CP072301.1,p1KSK20,KSK20,ABUW_4007,,,,,,,,
687,CP072301.1,p1KSK20,KSK20,ABUW_4094,,,,,,,,
689,CP072303.1,p3KSK20,KSK20,ABUW_4004,,,,,,,,
689,CP072303.1,p3KSK20,KSK20,ABUW_4005,,,,,,,,
689,CP072303.1,p3KSK20,KSK20,ABUW_4006,,,,,,,,
689,CP072303.1,p3KSK20,KSK20,ABUW_4007,,,,,,,,
689,CP072303.1,p3KSK20,KSK20,ABUW_4094,,,,,,,,
690,CP072304.1,p4KSK20,KSK20,ABUW_4004,,,,,,,,
690,CP072304.1,p4KSK20,KSK20,ABUW_4005,,,,,,,,
690,CP072304.1,p4KSK20,KSK20,ABUW_4006,,,,,,,,
690,CP072304.1,p4KSK20,KSK20,ABUW_4007,,,,,,,,
690,CP072304.1,p4KSK20,KSK20,ABUW_4094,,,,,,,,
691,CP072306.1,p1KSKSensitive,KSK Sensitive,ABUW_4004,,,,,,,,
691,CP072306.1,p1KSKSensitive,KSK Sensitive,ABUW_4005,,,,,,,,
691,CP072306.1,p1KSKSensitive,KSK Sensitive,ABUW_4006,,,,,,,,
691,CP072306.1,p1KSKSensitive,KSK Sensitive,ABUW_4007,,,,,,,,
691,CP072306.1,p1KSKSensitive,KSK Sensitive,ABUW_4094,,,,,,,,
692,CP072307.1,p2KSKSensitive,KSK Sensitive,ABUW_4004,,,,,,,,
692,CP072307.1,p2KSKSensitive,KSK Sensitive,ABUW_4005,,,,,,,,
692,CP072307.1,p2KSKSensitive,KSK Sensitive,ABUW_4006,,,,,,,,
692,CP072307.1,p2KSKSensitive,KSK Sensitive,ABUW_4007,,,,,,,,
692,CP072307.1,p2KSKSensitive,KSK Sensitive,ABUW_4094,,,,,,,,
693,CP072527.1,pDETAB4,DETAB-E227,ABUW_4004,,,,,,,,
693,CP072527.1,pDETAB4,DETAB-E227,ABUW_4005,,,,,,,,
693,CP072527.1,pDETAB4,DETAB-E227,ABUW_4006,,,,,,,,
693,CP072527.1,pDETAB4,DETAB-E227,ABUW_4007,,,,,,,,
693,CP072527.1,pDETAB4,DETAB-E227,ABUW_4094,,,,,,,,
694,CP072528.1,pDETAB5,DETAB-E227,ABUW_4004,,,,,,,,
694,CP072528.1,pDETAB5,DETAB-E227,ABUW_4005,,,,,,,,
694,CP072528.1,pDETAB5,DETAB-E227,ABUW_4006,,,,,,,,
694,CP072528.1,pDETAB5,DETAB-E227,ABUW_4007,,,,,,,,
694,CP072528.1,pDETAB5,DETAB-E227,ABUW_4094,,,,,,,,
695,CP072529.1,pDETAB6,DETAB-E227,ABUW_4004,,,,,,,,
695,CP072529.1,pDETAB6,DETAB-E227,ABUW_4005,,,,,,,,
695,CP072529.1,pDETAB6,DETAB-E227,ABUW_4006,,,,,,,,
695,CP072529.1,pDETAB6,DETAB-E227,ABUW_4007,,,,,,,,
695,CP072529.1,pDETAB6,DETAB-E227,ABUW_4094,,,,,,,,
696,CP073061.1,pDETAB13,DETAB-P39,ABUW_4004,,,,,,,,
696,CP073061.1,pDETAB13,DETAB-P39,ABUW_4005,,,,,,,,
696,CP073061.1,pDETAB13,DETAB-P39,ABUW_4006,,,,,,,,
696,CP073061.1,pDETAB13,DETAB-P39,ABUW_4007,,,,,,,,
696,CP073061.1,pDETAB13,DETAB-P39,ABUW_4094,,,,,,,,
697,CP075322.1,pDD520,DD520,ABUW_4004,,,,,,,,
697,CP075322.1,pDD520,DD520,ABUW_4005,,,,,,,,
697,CP075322.1,pDD520,DD520,ABUW_4006,,,,,,,,
697,CP075322.1,pDD520,DD520,ABUW_4007,,,,,,,,
697,CP075322.1,pDD520,DD520,ABUW_4094,,,,,,,,
698,CP076822.1,p1UC22850,UC22850,ABUW_4004,,,,,,,,
698,CP076822.1,p1UC22850,UC22850,ABUW_4005,,,,,,,,
698,CP076822.1,p1UC22850,UC22850,ABUW_4006,,,,,,,,
698,CP076822.1,p1UC22850,UC22850,ABUW_4007,,,,,,,,
698,CP076822.1,p1UC22850,UC22850,ABUW_4094,,,,,,,,
700,CP076819.1,p2UC24137,UC24137,ABUW_4004,,,,,,,,
700,CP076819.1,p2UC24137,UC24137,ABUW_4005,,,,,,,,
700,CP076819.1,p2UC24137,UC24137,ABUW_4006,,,,,,,,
700,CP076819.1,p2UC24137,UC24137,ABUW_4007,,,,,,,,
700,CP076819.1,p2UC24137,UC24137,ABUW_4094,,,,,,,,
701,CP076820.1,p3UC24137,UC24137,ABUW_4004,,,,,,,,
701,CP076820.1,p3UC24137,UC24137,ABUW_4005,,,,,,,,
701,CP076820.1,p3UC24137,UC24137,ABUW_4006,,,,,,,,
701,CP076820.1,p3UC24137,UC24137,ABUW_4007,,,,,,,,
701,CP076820.1,p3UC24137,UC24137,ABUW_4094,,,,,,,,
702,CP076815.1,p1UC21460,UC21460,ABUW_4004,,,,,,,,
702,CP076815.1,p1UC21460,UC21460,ABUW_4005,,,,,,,,
702,CP076815.1,p1UC21460,UC21460,ABUW_4006,,,,,,,,
702,CP076815.1,p1UC21460,UC21460,ABUW_4007,,,,,,,,
702,CP076815.1,p1UC21460,UC21460,ABUW_4094,,,,,,,,
703,CP076816.1,p2UC21460,UC21460,ABUW_4004,,,,,,,,
703,CP076816.1,p2UC21460,UC21460,ABUW_4005,,,,,,,,
703,CP076816.1,p2UC21460,UC21460,ABUW_4006,,,,,,,,
703,CP076816.1,p2UC21460,UC21460,ABUW_4007,,,,,,,,
703,CP076816.1,p2UC21460,UC21460,ABUW_4094,,,,,,,,
704,CP076813.1,p1UC23022,UC23022,ABUW_4004,,,,,,,,
704,CP076813.1,p1UC23022,UC23022,ABUW_4005,,,,,,,,
704,CP076813.1,p1UC23022,UC23022,ABUW_4006,,,,,,,,
704,CP076813.1,p1UC23022,UC23022,ABUW_4007,,,,,,,,
704,CP076813.1,p1UC23022,UC23022,ABUW_4094,,,,,,,,
705,CP076808.1,p1UC20804,UC20804,ABUW_4004,,,,,,,,
705,CP076808.1,p1UC20804,UC20804,ABUW_4005,,,,,,,,
705,CP076808.1,p1UC20804,UC20804,ABUW_4006,,,,,,,,
705,CP076808.1,p1UC20804,UC20804,ABUW_4007,,,,,,,,
705,CP076808.1,p1UC20804,UC20804,ABUW_4094,,,,,,,,
706,CP076809.1,p2UC20804,UC20804,ABUW_4004,,,,,,,,
706,CP076809.1,p2UC20804,UC20804,ABUW_4005,,,,,,,,
706,CP076809.1,p2UC20804,UC20804,ABUW_4006,,,,,,,,
706,CP076809.1,p2UC20804,UC20804,ABUW_4007,,,,,,,,
706,CP076809.1,p2UC20804,UC20804,ABUW_4094,,,,,,,,
707,CP076810.1,p3UC20804,UC20804,ABUW_4004,,,,,,,,
707,CP076810.1,p3UC20804,UC20804,ABUW_4005,,,,,,,,
707,CP076810.1,p3UC20804,UC20804,ABUW_4006,,,,,,,,
707,CP076810.1,p3UC20804,UC20804,ABUW_4007,,,,,,,,
707,CP076810.1,p3UC20804,UC20804,ABUW_4094,,,,,,,,
708,CP076811.1,p4UC20804,UC20804,ABUW_4004,,,,,,,,
708,CP076811.1,p4UC20804,UC20804,ABUW_4005,,,,,,,,
708,CP076811.1,p4UC20804,UC20804,ABUW_4006,,,,,,,,
708,CP076811.1,p4UC20804,UC20804,ABUW_4007,,,,,,,,
708,CP076811.1,p4UC20804,UC20804,ABUW_4094,,,,,,,,
710,CP076806.1,p2UC24371,UC24371,ABUW_4004,,,,,,,,
710,CP076806.1,p2UC24371,UC24371,ABUW_4005,,,,,,,,
710,CP076806.1,p2UC24371,UC24371,ABUW_4006,,,,,,,,
710,CP076806.1,p2UC24371,UC24371,ABUW_4007,,,,,,,,
710,CP076806.1,p2UC24371,UC24371,ABUW_4094,,,,,,,,
712,CP076803.1,p2UC25604,UC25604,ABUW_4004,,,,,,,,
712,CP076803.1,p2UC25604,UC25604,ABUW_4005,,,,,,,,
712,CP076803.1,p2UC25604,UC25604,ABUW_4006,,,,,,,,
712,CP076803.1,p2UC25604,UC25604,ABUW_4007,,,,,,,,
712,CP076803.1,p2UC25604,UC25604,ABUW_4094,,,,,,,,
713,CP077831.1,pDETAB9b,DETAB-E51,ABUW_4004,,,,,,,,
713,CP077831.1,pDETAB9b,DETAB-E51,ABUW_4005,,,,,,,,
713,CP077831.1,pDETAB9b,DETAB-E51,ABUW_4006,,,,,,,,
713,CP077831.1,pDETAB9b,DETAB-E51,ABUW_4007,,,,,,,,
713,CP077831.1,pDETAB9b,DETAB-E51,ABUW_4094,,,,,,,,
714,CP077827.1,pDETAB12,DETAB-E108,ABUW_4004,,,,,,,,
714,CP077827.1,pDETAB12,DETAB-E108,ABUW_4005,,,,,,,,
714,CP077827.1,pDETAB12,DETAB-E108,ABUW_4006,,,,,,,,
714,CP077827.1,pDETAB12,DETAB-E108,ABUW_4007,,,,,,,,
714,CP077827.1,pDETAB12,DETAB-E108,ABUW_4094,,,,,,,,
715,CP077844.1,pDETAB14,DETAB-E155,ABUW_4004,38.889,,,89,,,,
715,CP077844.1,pDETAB14,DETAB-E155,ABUW_4005,,,,,,,,
715,CP077844.1,pDETAB14,DETAB-E155,ABUW_4006,,,,,,,,
715,CP077844.1,pDETAB14,DETAB-E155,ABUW_4007,,,,,,,,
715,CP077844.1,pDETAB14,DETAB-E155,ABUW_4094,,,,,,,,
716,CP077845.1,pDETAB9a,DETAB-E155,ABUW_4004,,,,,,,,
716,CP077845.1,pDETAB9a,DETAB-E155,ABUW_4005,,,,,,,,
716,CP077845.1,pDETAB9a,DETAB-E155,ABUW_4006,,,,,,,,
716,CP077845.1,pDETAB9a,DETAB-E155,ABUW_4007,,,,,,,,
716,CP077845.1,pDETAB9a,DETAB-E155,ABUW_4094,,,,,,,,
718,CP077839.1,pDETAB10,DETAB-E159,ABUW_4004,,,,,,,,
718,CP077839.1,pDETAB10,DETAB-E159,ABUW_4005,,,,,,,,
718,CP077839.1,pDETAB10,DETAB-E159,ABUW_4006,,,,,,,,
718,CP077839.1,pDETAB10,DETAB-E159,ABUW_4007,,,,,,,,
718,CP077839.1,pDETAB10,DETAB-E159,ABUW_4094,,,,,,,,
719,CP077829.1,pDETAB11,DETAB-E351,ABUW_4004,,,,,,,,
719,CP077829.1,pDETAB11,DETAB-E351,ABUW_4005,,,,,,,,
719,CP077829.1,pDETAB11,DETAB-E351,ABUW_4006,,,,,,,,
719,CP077829.1,pDETAB11,DETAB-E351,ABUW_4007,,,,,,,,
719,CP077829.1,pDETAB11,DETAB-E351,ABUW_4094,,,,,,,,
721,JAHPZP010000050.1,pAci46b,Aci46,ABUW_4004,,,,,,,,
721,JAHPZP010000050.1,pAci46b,Aci46,ABUW_4005,,,,,,,,
721,JAHPZP010000050.1,pAci46b,Aci46,ABUW_4006,,,,,,,,
721,JAHPZP010000050.1,pAci46b,Aci46,ABUW_4007,,,,,,,,
721,JAHPZP010000050.1,pAci46b,Aci46,ABUW_4094,,,,,,,,
723,CP077848.1,pDETAB10,DETAB-P24,ABUW_4004,,,,,,,,
723,CP077848.1,pDETAB10,DETAB-P24,ABUW_4005,,,,,,,,
723,CP077848.1,pDETAB10,DETAB-P24,ABUW_4006,,,,,,,,
723,CP077848.1,pDETAB10,DETAB-P24,ABUW_4007,,,,,,,,
723,CP077848.1,pDETAB10,DETAB-P24,ABUW_4094,,,,,,,,
725,CP077834.1,pDETAB10,DETAB-P43,ABUW_4004,,,,,,,,
725,CP077834.1,pDETAB10,DETAB-P43,ABUW_4005,,,,,,,,
725,CP077834.1,pDETAB10,DETAB-P43,ABUW_4006,,,,,,,,
725,CP077834.1,pDETAB10,DETAB-P43,ABUW_4007,,,,,,,,
725,CP077834.1,pDETAB10,DETAB-P43,ABUW_4094,,,,,,,,
728,CP077842.1,pDETAB9a,DETAB-P90,ABUW_4004,,,,,,,,
728,CP077842.1,pDETAB9a,DETAB-P90,ABUW_4005,,,,,,,,
728,CP077842.1,pDETAB9a,DETAB-P90,ABUW_4006,,,,,,,,
728,CP077842.1,pDETAB9a,DETAB-P90,ABUW_4007,,,,,,,,
728,CP077842.1,pDETAB9a,DETAB-P90,ABUW_4094,,,,,,,,
729,CP077802.1,p40288*,40288,ABUW_4004,,,,,,,,
729,CP077802.1,p40288*,40288,ABUW_4005,,,,,,,,
729,CP077802.1,p40288*,40288,ABUW_4006,,,,,,,,
729,CP077802.1,p40288*,40288,ABUW_4007,,,,,,,,
729,CP077802.1,p40288*,40288,ABUW_4094,,,,,,,,
730,CP080454.1,pMRSN56-2,MRSN 56,ABUW_4004,,,,,,,,
730,CP080454.1,pMRSN56-2,MRSN 56,ABUW_4005,,,,,,,,
730,CP080454.1,pMRSN56-2,MRSN 56,ABUW_4006,,,,,,,,
730,CP080454.1,pMRSN56-2,MRSN 56,ABUW_4007,,,,,,,,
730,CP080454.1,pMRSN56-2,MRSN 56,ABUW_4094,,,,,,,,
731,CP080455.1,pMRSN56-3,MRSN 56,ABUW_4004,,,,,,,,
731,CP080455.1,pMRSN56-3,MRSN 56,ABUW_4005,,,,,,,,
731,CP080455.1,pMRSN56-3,MRSN 56,ABUW_4006,,,,,,,,
731,CP080455.1,pMRSN56-3,MRSN 56,ABUW_4007,,,,,,,,
731,CP080455.1,pMRSN56-3,MRSN 56,ABUW_4094,,,,,,,,
732,CP080456.1,pMRSN56-4,MRSN 56,ABUW_4004,,,,,,,,
732,CP080456.1,pMRSN56-4,MRSN 56,ABUW_4005,,,,,,,,
732,CP080456.1,pMRSN56-4,MRSN 56,ABUW_4006,,,,,,,,
732,CP080456.1,pMRSN56-4,MRSN 56,ABUW_4007,,,,,,,,
732,CP080456.1,pMRSN56-4,MRSN 56,ABUW_4094,,,,,,,,
733,CP078100.1,pCNRAB1*,CNRAB1,ABUW_4004,,,,,,,,
733,CP078100.1,pCNRAB1*,CNRAB1,ABUW_4005,,,,,,,,
733,CP078100.1,pCNRAB1*,CNRAB1,ABUW_4006,,,,,,,,
733,CP078100.1,pCNRAB1*,CNRAB1,ABUW_4007,,,,,,,,
733,CP078100.1,pCNRAB1*,CNRAB1,ABUW_4094,,,,,,,,
734,CP084298.1,pLHC22-2-tetX-162k,LHC22-2,ABUW_4004,,,,,,,,
734,CP084298.1,pLHC22-2-tetX-162k,LHC22-2,ABUW_4005,,,,,,,,
734,CP084298.1,pLHC22-2-tetX-162k,LHC22-2,ABUW_4006,,,,,,,,
734,CP084298.1,pLHC22-2-tetX-162k,LHC22-2,ABUW_4007,,,,,,,,
734,CP084298.1,pLHC22-2-tetX-162k,LHC22-2,ABUW_4094,,,,,,,,
735,CP084299.1,pLHC22-2-6.9k,LHC22-2,ABUW_4004,,,,,,,,
735,CP084299.1,pLHC22-2-6.9k,LHC22-2,ABUW_4005,,,,,,,,
735,CP084299.1,pLHC22-2-6.9k,LHC22-2,ABUW_4006,,,,,,,,
735,CP084299.1,pLHC22-2-6.9k,LHC22-2,ABUW_4007,,,,,,,,
735,CP084299.1,pLHC22-2-6.9k,LHC22-2,ABUW_4094,,,,,,,,
736,CP083182.1,unnamed,AB43,ABUW_4004,,,,,,,,
736,CP083182.1,unnamed,AB43,ABUW_4005,,,,,,,,
736,CP083182.1,unnamed,AB43,ABUW_4006,,,,,,,,
736,CP083182.1,unnamed,AB43,ABUW_4007,,,,,,,,
736,CP083182.1,unnamed,AB43,ABUW_4094,,,,,,,,
737,CP082953.1,pCl300,Cl300,ABUW_4004,,,,,,,,
737,CP082953.1,pCl300,Cl300,ABUW_4005,,,,,,,,
737,CP082953.1,pCl300,Cl300,ABUW_4006,,,,,,,,
737,CP082953.1,pCl300,Cl300,ABUW_4007,,,,,,,,
737,CP082953.1,pCl300,Cl300,ABUW_4094,,,,,,,,
738,CP084734.1,pHKU3a,HKU3,ABUW_4004,,,,,,,,
738,CP084734.1,pHKU3a,HKU3,ABUW_4005,,,,,,,,
738,CP084734.1,pHKU3a,HKU3,ABUW_4006,,,,,,,,
738,CP084734.1,pHKU3a,HKU3,ABUW_4007,,,,,,,,
738,CP084734.1,pHKU3a,HKU3,ABUW_4094,,,,,,,,
740,CP084731.1,pHKU4a,HKU4,ABUW_4004,,,,,,,,
740,CP084731.1,pHKU4a,HKU4,ABUW_4005,,,,,,,,
740,CP084731.1,pHKU4a,HKU4,ABUW_4006,,,,,,,,
740,CP084731.1,pHKU4a,HKU4,ABUW_4007,,,,,,,,
740,CP084731.1,pHKU4a,HKU4,ABUW_4094,,,,,,,,
742,CP084728.1,pHKU5a,HKU5,ABUW_4004,,,,,,,,
742,CP084728.1,pHKU5a,HKU5,ABUW_4005,,,,,,,,
742,CP084728.1,pHKU5a,HKU5,ABUW_4006,,,,,,,,
742,CP084728.1,pHKU5a,HKU5,ABUW_4007,,,,,,,,
742,CP084728.1,pHKU5a,HKU5,ABUW_4094,,,,,,,,
744,CP084725.1,pHKU6a,HKU6,ABUW_4004,,,,,,,,
744,CP084725.1,pHKU6a,HKU6,ABUW_4005,,,,,,,,
744,CP084725.1,pHKU6a,HKU6,ABUW_4006,,,,,,,,
744,CP084725.1,pHKU6a,HKU6,ABUW_4007,,,,,,,,
744,CP084725.1,pHKU6a,HKU6,ABUW_4094,,,,,,,,
746,CP084722.1,pHKU7a,HKU7,ABUW_4004,,,,,,,,
746,CP084722.1,pHKU7a,HKU7,ABUW_4005,,,,,,,,
746,CP084722.1,pHKU7a,HKU7,ABUW_4006,,,,,,,,
746,CP084722.1,pHKU7a,HKU7,ABUW_4007,,,,,,,,
746,CP084722.1,pHKU7a,HKU7,ABUW_4094,,,,,,,,
748,CP087595.1,pAb01-1,SHOU-Ab01,ABUW_4004,,,,,,,,
748,CP087595.1,pAb01-1,SHOU-Ab01,ABUW_4005,,,,,,,,
748,CP087595.1,pAb01-1,SHOU-Ab01,ABUW_4006,,,,,,,,
748,CP087595.1,pAb01-1,SHOU-Ab01,ABUW_4007,,,,,,,,
748,CP087595.1,pAb01-1,SHOU-Ab01,ABUW_4094,,,,,,,,
749,CP087596.1,pAb01-2,SHOU-Ab01,ABUW_4004,,,,,,,,
749,CP087596.1,pAb01-2,SHOU-Ab01,ABUW_4005,,,,,,,,
749,CP087596.1,pAb01-2,SHOU-Ab01,ABUW_4006,,,,,,,,
749,CP087596.1,pAb01-2,SHOU-Ab01,ABUW_4007,,,,,,,,
749,CP087596.1,pAb01-2,SHOU-Ab01,ABUW_4094,,,,,,,,
750,CP088896.1,pDETABR21-1,DETAB-R21,ABUW_4004,,,,,,,,
750,CP088896.1,pDETABR21-1,DETAB-R21,ABUW_4005,,,,,,,,
750,CP088896.1,pDETABR21-1,DETAB-R21,ABUW_4006,,,,,,,,
750,CP088896.1,pDETABR21-1,DETAB-R21,ABUW_4007,,,,,,,,
750,CP088896.1,pDETABR21-1,DETAB-R21,ABUW_4094,,,,,,,,
751,CP088897.1,pDETABR21-2,DETAB-R21,ABUW_4004,,,,,,,,
751,CP088897.1,pDETABR21-2,DETAB-R21,ABUW_4005,,,,,,,,
751,CP088897.1,pDETABR21-2,DETAB-R21,ABUW_4006,,,,,,,,
751,CP088897.1,pDETABR21-2,DETAB-R21,ABUW_4007,,,,,,,,
751,CP088897.1,pDETABR21-2,DETAB-R21,ABUW_4094,,,,,,,,
752,CP088899.1,pDETABR21-4,DETAB-R21,ABUW_4004,,,,,,,,
752,CP088899.1,pDETABR21-4,DETAB-R21,ABUW_4005,,,,,,,,
752,CP088899.1,pDETABR21-4,DETAB-R21,ABUW_4006,,,,,,,,
752,CP088899.1,pDETABR21-4,DETAB-R21,ABUW_4007,,,,,,,,
752,CP088899.1,pDETABR21-4,DETAB-R21,ABUW_4094,,,,,,,,
753,CP088900.1,pDETABR21-5,DETAB-R21,ABUW_4004,,,,,,,,
753,CP088900.1,pDETABR21-5,DETAB-R21,ABUW_4005,,,,,,,,
753,CP088900.1,pDETABR21-5,DETAB-R21,ABUW_4006,,,,,,,,
753,CP088900.1,pDETABR21-5,DETAB-R21,ABUW_4007,,,,,,,,
753,CP088900.1,pDETABR21-5,DETAB-R21,ABUW_4094,,,,,,,,
754,CP096769.1,p5388_1,5388,ABUW_4004,83.673,,,93,,,,
754,CP096769.1,p5388_1,5388,ABUW_4005,55.975,,,90,,,,
754,CP096769.1,p5388_1,5388,ABUW_4006,51.24,,,96,,,,
754,CP096769.1,p5388_1,5388,ABUW_4007,46.774,,,95,,,,
754,CP096769.1,p5388_1,5388,ABUW_4094,46.591,,,79,,,,
755,CP096770.1,p5388_2,5388,ABUW_4004,,,,,,,,
755,CP096770.1,p5388_2,5388,ABUW_4005,,,,,,,,
755,CP096770.1,p5388_2,5388,ABUW_4006,,,,,,,,
755,CP096770.1,p5388_2,5388,ABUW_4007,,,,,,,,
755,CP096770.1,p5388_2,5388,ABUW_4094,,,,,,,,
756,CP096767.1,p5626,5626,ABUW_4004,,,,,,,,
756,CP096767.1,p5626,5626,ABUW_4005,,,,,,,,
756,CP096767.1,p5626,5626,ABUW_4006,,,,,,,,
756,CP096767.1,p5626,5626,ABUW_4007,,,,,,,,
756,CP096767.1,p5626,5626,ABUW_4094,,,,,,,,
757,CP096765.1,p5634,5634,ABUW_4004,,,,,,,,
757,CP096765.1,p5634,5634,ABUW_4005,,,,,,,,
757,CP096765.1,p5634,5634,ABUW_4006,,,,,,,,
757,CP096765.1,p5634,5634,ABUW_4007,,,,,,,,
757,CP096765.1,p5634,5634,ABUW_4094,,,,,,,,
759,CP096760.1,p5653_1,5653,ABUW_4004,,,,,,,,
759,CP096760.1,p5653_1,5653,ABUW_4005,,,,,,,,
759,CP096760.1,p5653_1,5653,ABUW_4006,,,,,,,,
759,CP096760.1,p5653_1,5653,ABUW_4007,,,,,,,,
759,CP096760.1,p5653_1,5653,ABUW_4094,,,,,,,,
760,CP096761.1,p5653_2,5653,ABUW_4004,,,,,,,,
760,CP096761.1,p5653_2,5653,ABUW_4005,,,,,,,,
760,CP096761.1,p5653_2,5653,ABUW_4006,,,,,,,,
760,CP096761.1,p5653_2,5653,ABUW_4007,,,,,,,,
760,CP096761.1,p5653_2,5653,ABUW_4094,,,,,,,,
761,CP096758.1,p5656,5656,ABUW_4004,,,,,,,,
761,CP096758.1,p5656,5656,ABUW_4005,,,,,,,,
761,CP096758.1,p5656,5656,ABUW_4006,,,,,,,,
761,CP096758.1,p5656,5656,ABUW_4007,,,,,,,,
761,CP096758.1,p5656,5656,ABUW_4094,,,,,,,,
764,CP096750.1,p5666_1,5666,ABUW_4004,,,,,,,,
764,CP096750.1,p5666_1,5666,ABUW_4005,,,,,,,,
764,CP096750.1,p5666_1,5666,ABUW_4006,,,,,,,,
764,CP096750.1,p5666_1,5666,ABUW_4007,,,,,,,,
764,CP096750.1,p5666_1,5666,ABUW_4094,,,,,,,,
765,CP096751.1,p5666_2,5666,ABUW_4004,83.673,,,93,,,,
765,CP096751.1,p5666_2,5666,ABUW_4005,55.975,,,90,,,,
765,CP096751.1,p5666_2,5666,ABUW_4006,51.24,,,96,,,,
765,CP096751.1,p5666_2,5666,ABUW_4007,46.774,,,95,,,,
765,CP096751.1,p5666_2,5666,ABUW_4094,46.591,,,79,,,,
766,CP096752.1,p5666_3,5666,ABUW_4004,,,,,,,,
766,CP096752.1,p5666_3,5666,ABUW_4005,,,,,,,,
766,CP096752.1,p5666_3,5666,ABUW_4006,,,,,,,,
766,CP096752.1,p5666_3,5666,ABUW_4007,,,,,,,,
766,CP096752.1,p5666_3,5666,ABUW_4094,,,,,,,,
767,CP096748.1,p5669,5669,ABUW_4004,,,,,,,,
767,CP096748.1,p5669,5669,ABUW_4005,,,,,,,,
767,CP096748.1,p5669,5669,ABUW_4006,,,,,,,,
767,CP096748.1,p5669,5669,ABUW_4007,,,,,,,,
767,CP096748.1,p5669,5669,ABUW_4094,,,,,,,,
768,CP096746.1,p5670,5670,ABUW_4004,,,,,,,,
768,CP096746.1,p5670,5670,ABUW_4005,,,,,,,,
768,CP096746.1,p5670,5670,ABUW_4006,,,,,,,,
768,CP096746.1,p5670,5670,ABUW_4007,,,,,,,,
768,CP096746.1,p5670,5670,ABUW_4094,,,,,,,,
769,CP096743.1,p5671_1,5671,ABUW_4004,,,,,,,,
769,CP096743.1,p5671_1,5671,ABUW_4005,,,,,,,,
769,CP096743.1,p5671_1,5671,ABUW_4006,,,,,,,,
769,CP096743.1,p5671_1,5671,ABUW_4007,,,,,,,,
769,CP096743.1,p5671_1,5671,ABUW_4094,,,,,,,,
771,CP096741.1,p5672,5672,ABUW_4004,,,,,,,,
771,CP096741.1,p5672,5672,ABUW_4005,,,,,,,,
771,CP096741.1,p5672,5672,ABUW_4006,,,,,,,,
771,CP096741.1,p5672,5672,ABUW_4007,,,,,,,,
771,CP096741.1,p5672,5672,ABUW_4094,,,,,,,,
773,CP096736.1,p5683_1,5683,ABUW_4004,83.673,,,93,,,,
773,CP096736.1,p5683_1,5683,ABUW_4005,55.975,,,90,,,,
773,CP096736.1,p5683_1,5683,ABUW_4006,51.24,,,96,,,,
773,CP096736.1,p5683_1,5683,ABUW_4007,46.774,,,95,,,,
773,CP096736.1,p5683_1,5683,ABUW_4094,46.591,,,79,,,,
774,CP096737.1,p5683_2,5683,ABUW_4004,,,,,,,,
774,CP096737.1,p5683_2,5683,ABUW_4005,,,,,,,,
774,CP096737.1,p5683_2,5683,ABUW_4006,,,,,,,,
774,CP096737.1,p5683_2,5683,ABUW_4007,,,,,,,,
774,CP096737.1,p5683_2,5683,ABUW_4094,,,,,,,,
775,CP096732.1,p5689_1,5689,ABUW_4004,,,,,,,,
775,CP096732.1,p5689_1,5689,ABUW_4005,,,,,,,,
775,CP096732.1,p5689_1,5689,ABUW_4006,,,,,,,,
775,CP096732.1,p5689_1,5689,ABUW_4007,,,,,,,,
775,CP096732.1,p5689_1,5689,ABUW_4094,,,,,,,,
776,CP096733.1,p5689_2,5689,ABUW_4004,83.673,,,93,,,,
776,CP096733.1,p5689_2,5689,ABUW_4005,55.975,,,90,,,,
776,CP096733.1,p5689_2,5689,ABUW_4006,51.24,,,96,,,,
776,CP096733.1,p5689_2,5689,ABUW_4007,46.774,,,95,,,,
776,CP096733.1,p5689_2,5689,ABUW_4094,46.591,,,79,,,,
777,CP096730.1,p5729,5729,ABUW_4004,83.673,,,93,,,,
777,CP096730.1,p5729,5729,ABUW_4005,55.975,,,90,,,,
777,CP096730.1,p5729,5729,ABUW_4006,51.24,,,96,,,,
777,CP096730.1,p5729,5729,ABUW_4007,46.774,,,95,,,,
777,CP096730.1,p5729,5729,ABUW_4094,46.591,,,79,,,,
778,CP096728.1,p5732,5732,ABUW_4004,,,,,,,,
778,CP096728.1,p5732,5732,ABUW_4005,,,,,,,,
778,CP096728.1,p5732,5732,ABUW_4006,,,,,,,,
778,CP096728.1,p5732,5732,ABUW_4007,,,,,,,,
778,CP096728.1,p5732,5732,ABUW_4094,,,,,,,,
779,CP096725.1,p5734_1,5734,ABUW_4004,83.673,,,93,,,,
779,CP096725.1,p5734_1,5734,ABUW_4005,55.975,,,90,,,,
779,CP096725.1,p5734_1,5734,ABUW_4006,51.24,,,96,,,,
779,CP096725.1,p5734_1,5734,ABUW_4007,46.774,,,95,,,,
779,CP096725.1,p5734_1,5734,ABUW_4094,46.591,,,79,,,,
780,CP096726.1,p5734_2,5734,ABUW_4004,,,,,,,,
780,CP096726.1,p5734_2,5734,ABUW_4005,,,,,,,,
780,CP096726.1,p5734_2,5734,ABUW_4006,,,,,,,,
780,CP096726.1,p5734_2,5734,ABUW_4007,,,,,,,,
780,CP096726.1,p5734_2,5734,ABUW_4094,,,,,,,,
781,CP096723.1,p5736,5736,ABUW_4004,,,,,,,,
781,CP096723.1,p5736,5736,ABUW_4005,,,,,,,,
781,CP096723.1,p5736,5736,ABUW_4006,,,,,,,,
781,CP096723.1,p5736,5736,ABUW_4007,,,,,,,,
781,CP096723.1,p5736,5736,ABUW_4094,,,,,,,,
782,CP096721.1,p5740,5740,ABUW_4004,,,,,,,,
782,CP096721.1,p5740,5740,ABUW_4005,,,,,,,,
782,CP096721.1,p5740,5740,ABUW_4006,,,,,,,,
782,CP096721.1,p5740,5740,ABUW_4007,,,,,,,,
782,CP096721.1,p5740,5740,ABUW_4094,,,,,,,,
783,CP096718.1,p5741_1,5741,ABUW_4004,,,,,,,,
783,CP096718.1,p5741_1,5741,ABUW_4005,,,,,,,,
783,CP096718.1,p5741_1,5741,ABUW_4006,,,,,,,,
783,CP096718.1,p5741_1,5741,ABUW_4007,,,,,,,,
783,CP096718.1,p5741_1,5741,ABUW_4094,,,,,,,,
785,CP096715.1,p5745_1,5745,ABUW_4004,,,,,,,,
785,CP096715.1,p5745_1,5745,ABUW_4005,,,,,,,,
785,CP096715.1,p5745_1,5745,ABUW_4006,,,,,,,,
785,CP096715.1,p5745_1,5745,ABUW_4007,,,,,,,,
785,CP096715.1,p5745_1,5745,ABUW_4094,,,,,,,,
786,CP096716.1,p5745_2,5745,ABUW_4004,83.673,,,93,,,,
786,CP096716.1,p5745_2,5745,ABUW_4005,55.975,,,90,,,,
786,CP096716.1,p5745_2,5745,ABUW_4006,51.24,,,96,,,,
786,CP096716.1,p5745_2,5745,ABUW_4007,46.774,,,95,,,,
786,CP096716.1,p5745_2,5745,ABUW_4094,46.591,,,79,,,,
787,CP096711.1,p5759_1,5759,ABUW_4004,,,,,,,,
787,CP096711.1,p5759_1,5759,ABUW_4005,,,,,,,,
787,CP096711.1,p5759_1,5759,ABUW_4006,,,,,,,,
787,CP096711.1,p5759_1,5759,ABUW_4007,,,,,,,,
787,CP096711.1,p5759_1,5759,ABUW_4094,,,,,,,,
788,CP096712.1,p5759_2,5759,ABUW_4004,83.673,,,93,,,,
788,CP096712.1,p5759_2,5759,ABUW_4005,55.975,,,90,,,,
788,CP096712.1,p5759_2,5759,ABUW_4006,51.24,,,96,,,,
788,CP096712.1,p5759_2,5759,ABUW_4007,46.774,,,95,,,,
788,CP096712.1,p5759_2,5759,ABUW_4094,46.591,,,79,,,,
789,CP096713.1,p5759_3,5759,ABUW_4004,,,,,,,,
789,CP096713.1,p5759_3,5759,ABUW_4005,,,,,,,,
789,CP096713.1,p5759_3,5759,ABUW_4006,,,,,,,,
789,CP096713.1,p5759_3,5759,ABUW_4007,,,,,,,,
789,CP096713.1,p5759_3,5759,ABUW_4094,,,,,,,,
790,CP096708.1,p5760_1,5760,ABUW_4004,83.673,,,93,,,,
790,CP096708.1,p5760_1,5760,ABUW_4005,55.975,,,90,,,,
790,CP096708.1,p5760_1,5760,ABUW_4006,51.24,,,96,,,,
790,CP096708.1,p5760_1,5760,ABUW_4007,46.774,,,95,,,,
790,CP096708.1,p5760_1,5760,ABUW_4094,46.591,,,79,,,,
791,CP096709.1,p5760_2,5760,ABUW_4004,,,,,,,,
791,CP096709.1,p5760_2,5760,ABUW_4005,,,,,,,,
791,CP096709.1,p5760_2,5760,ABUW_4006,,,,,,,,
791,CP096709.1,p5760_2,5760,ABUW_4007,,,,,,,,
791,CP096709.1,p5760_2,5760,ABUW_4094,,,,,,,,
793,CP096703.1,p5767,5767,ABUW_4004,83.673,,,93,,,,
793,CP096703.1,p5767,5767,ABUW_4005,55.975,,,90,,,,
793,CP096703.1,p5767,5767,ABUW_4006,51.24,,,96,,,,
793,CP096703.1,p5767,5767,ABUW_4007,46.774,,,95,,,,
793,CP096703.1,p5767,5767,ABUW_4094,46.591,,,79,,,,
794,CP096701.1,p5768,5768,ABUW_4004,,,,,,,,
794,CP096701.1,p5768,5768,ABUW_4005,,,,,,,,
794,CP096701.1,p5768,5768,ABUW_4006,,,,,,,,
794,CP096701.1,p5768,5768,ABUW_4007,,,,,,,,
794,CP096701.1,p5768,5768,ABUW_4094,,,,,,,,
795,CP096699.1,p5769,5769,ABUW_4004,,,,,,,,
795,CP096699.1,p5769,5769,ABUW_4005,,,,,,,,
795,CP096699.1,p5769,5769,ABUW_4006,,,,,,,,
795,CP096699.1,p5769,5769,ABUW_4007,,,,,,,,
795,CP096699.1,p5769,5769,ABUW_4094,,,,,,,,
796,CP096697.1,p5771,5771,ABUW_4004,,,,,,,,
796,CP096697.1,p5771,5771,ABUW_4005,,,,,,,,
796,CP096697.1,p5771,5771,ABUW_4006,,,,,,,,
796,CP096697.1,p5771,5771,ABUW_4007,,,,,,,,
796,CP096697.1,p5771,5771,ABUW_4094,,,,,,,,
797,CP096694.1,p5773_1,5773,ABUW_4004,,,,,,,,
797,CP096694.1,p5773_1,5773,ABUW_4005,,,,,,,,
797,CP096694.1,p5773_1,5773,ABUW_4006,,,,,,,,
797,CP096694.1,p5773_1,5773,ABUW_4007,,,,,,,,
797,CP096694.1,p5773_1,5773,ABUW_4094,,,,,,,,
798,CP096695.1,p5773_2,5773,ABUW_4004,83.673,,,93,,,,
798,CP096695.1,p5773_2,5773,ABUW_4005,55.975,,,90,,,,
798,CP096695.1,p5773_2,5773,ABUW_4006,51.24,,,96,,,,
798,CP096695.1,p5773_2,5773,ABUW_4007,46.774,,,95,,,,
798,CP096695.1,p5773_2,5773,ABUW_4094,46.591,,,79,,,,
801,CP096687.1,p5846,5846,ABUW_4004,,,,,,,,
801,CP096687.1,p5846,5846,ABUW_4005,,,,,,,,
801,CP096687.1,p5846,5846,ABUW_4006,,,,,,,,
801,CP096687.1,p5846,5846,ABUW_4007,,,,,,,,
801,CP096687.1,p5846,5846,ABUW_4094,,,,,,,,
802,CP096685.1,p5847,5847,ABUW_4004,,,,,,,,
802,CP096685.1,p5847,5847,ABUW_4005,,,,,,,,
802,CP096685.1,p5847,5847,ABUW_4006,,,,,,,,
802,CP096685.1,p5847,5847,ABUW_4007,,,,,,,,
802,CP096685.1,p5847,5847,ABUW_4094,,,,,,,,
803,CP096683.1,p5955,5955,ABUW_4004,,,,,,,,
803,CP096683.1,p5955,5955,ABUW_4005,,,,,,,,
803,CP096683.1,p5955,5955,ABUW_4006,,,,,,,,
803,CP096683.1,p5955,5955,ABUW_4007,,,,,,,,
803,CP096683.1,p5955,5955,ABUW_4094,,,,,,,,
804,CP090183.1,pAB1343,AB1343,ABUW_4004,,,,,,,,
804,CP090183.1,pAB1343,AB1343,ABUW_4005,,,,,,,,
804,CP090183.1,pAB1343,AB1343,ABUW_4006,,,,,,,,
804,CP090183.1,pAB1343,AB1343,ABUW_4007,,,,,,,,
804,CP090183.1,pAB1343,AB1343,ABUW_4094,,,,,,,,
805,CP091329.1,p1,BM2333,ABUW_4004,,,,,,,,
805,CP091329.1,p1,BM2333,ABUW_4005,,,,,,,,
805,CP091329.1,p1,BM2333,ABUW_4006,,,,,,,,
805,CP091329.1,p1,BM2333,ABUW_4007,,,,,,,,
805,CP091329.1,p1,BM2333,ABUW_4094,,,,,,,,
806,CP091466.1,pNCCP16007*,NCCP 16007,ABUW_4004,,,,,,,,
806,CP091466.1,pNCCP16007*,NCCP 16007,ABUW_4005,,,,,,,,
806,CP091466.1,pNCCP16007*,NCCP 16007,ABUW_4006,,,,,,,,
806,CP091466.1,pNCCP16007*,NCCP 16007,ABUW_4007,,,,,,,,
806,CP091466.1,pNCCP16007*,NCCP 16007,ABUW_4094,,,,,,,,
808,CP091597.1,pR32_3,Nord4-2,ABUW_4004,,,,,,,,
808,CP091597.1,pR32_3,Nord4-2,ABUW_4005,,,,,,,,
808,CP091597.1,pR32_3,Nord4-2,ABUW_4006,,,,,,,,
808,CP091597.1,pR32_3,Nord4-2,ABUW_4007,,,,,,,,
808,CP091597.1,pR32_3,Nord4-2,ABUW_4094,,,,,,,,
809,CP091598.1,pR32_1,Nord4-2,ABUW_4004,,,,,,,,
809,CP091598.1,pR32_1,Nord4-2,ABUW_4005,,,,,,,,
809,CP091598.1,pR32_1,Nord4-2,ABUW_4006,,,,,,,,
809,CP091598.1,pR32_1,Nord4-2,ABUW_4007,,,,,,,,
809,CP091598.1,pR32_1,Nord4-2,ABUW_4094,,,,,,,,
810,CP092486.1,pAB2877,AB2877,ABUW_4004,,,,,,,,
810,CP092486.1,pAB2877,AB2877,ABUW_4005,,,,,,,,
810,CP092486.1,pAB2877,AB2877,ABUW_4006,,,,,,,,
810,CP092486.1,pAB2877,AB2877,ABUW_4007,,,,,,,,
810,CP092486.1,pAB2877,AB2877,ABUW_4094,,,,,,,,
811,CP094284.1,pNY5301-1,NY5301,ABUW_4004,,,,,,,,
811,CP094284.1,pNY5301-1,NY5301,ABUW_4005,,,,,,,,
811,CP094284.1,pNY5301-1,NY5301,ABUW_4006,,,,,,,,
811,CP094284.1,pNY5301-1,NY5301,ABUW_4007,,,,,,,,
811,CP094284.1,pNY5301-1,NY5301,ABUW_4094,,,,,,,,
813,CP094286.1,pNY5301-3,NY5301,ABUW_4004,,,,,,,,
813,CP094286.1,pNY5301-3,NY5301,ABUW_4005,,,,,,,,
813,CP094286.1,pNY5301-3,NY5301,ABUW_4006,,,,,,,,
813,CP094286.1,pNY5301-3,NY5301,ABUW_4007,,,,,,,,
813,CP094286.1,pNY5301-3,NY5301,ABUW_4094,,,,,,,,
814,CP094287.1,pNY5301-4,NY5301,ABUW_4004,,,,,,,,
814,CP094287.1,pNY5301-4,NY5301,ABUW_4005,,,,,,,,
814,CP094287.1,pNY5301-4,NY5301,ABUW_4006,,,,,,,,
814,CP094287.1,pNY5301-4,NY5301,ABUW_4007,,,,,,,,
814,CP094287.1,pNY5301-4,NY5301,ABUW_4094,,,,,,,,
815,CP095092.1,pAB4451,AB4451,ABUW_4004,,,,,,,,
815,CP095092.1,pAB4451,AB4451,ABUW_4005,,,,,,,,
815,CP095092.1,pAB4451,AB4451,ABUW_4006,,,,,,,,
815,CP095092.1,pAB4451,AB4451,ABUW_4007,,,,,,,,
815,CP095092.1,pAB4451,AB4451,ABUW_4094,,,,,,,,
816,CP098522.1,pCl107,Cl107,ABUW_4004,,,,,,,,
816,CP098522.1,pCl107,Cl107,ABUW_4005,,,,,,,,
816,CP098522.1,pCl107,Cl107,ABUW_4006,,,,,,,,
816,CP098522.1,pCl107,Cl107,ABUW_4007,,,,,,,,
816,CP098522.1,pCl107,Cl107,ABUW_4094,,,,,,,,
817,CP098792.1,p1VB280820,280820,ABUW_4004,,,,,,,,
817,CP098792.1,p1VB280820,280820,ABUW_4005,,,,,,,,
817,CP098792.1,p1VB280820,280820,ABUW_4006,,,,,,,,
817,CP098792.1,p1VB280820,280820,ABUW_4007,,,,,,,,
817,CP098792.1,p1VB280820,280820,ABUW_4094,,,,,,,,
818,CP098793.1,p2VB280820,280820,ABUW_4004,,,,,,,,
818,CP098793.1,p2VB280820,280820,ABUW_4005,,,,,,,,
818,CP098793.1,p2VB280820,280820,ABUW_4006,,,,,,,,
818,CP098793.1,p2VB280820,280820,ABUW_4007,,,,,,,,
818,CP098793.1,p2VB280820,280820,ABUW_4094,,,,,,,,
819,CP098794.1,p3VB280820,280820,ABUW_4004,,,,,,,,
819,CP098794.1,p3VB280820,280820,ABUW_4005,,,,,,,,
819,CP098794.1,p3VB280820,280820,ABUW_4006,,,,,,,,
819,CP098794.1,p3VB280820,280820,ABUW_4007,,,,,,,,
819,CP098794.1,p3VB280820,280820,ABUW_4094,,,,,,,,
820,CP098796.1,p1VB280821,VB280821,ABUW_4004,,,,,,,,
820,CP098796.1,p1VB280821,VB280821,ABUW_4005,,,,,,,,
820,CP098796.1,p1VB280821,VB280821,ABUW_4006,,,,,,,,
820,CP098796.1,p1VB280821,VB280821,ABUW_4007,,,,,,,,
820,CP098796.1,p1VB280821,VB280821,ABUW_4094,,,,,,,,
821,CP098797.1,p2VB280821,VB280821,ABUW_4004,,,,,,,,
821,CP098797.1,p2VB280821,VB280821,ABUW_4005,,,,,,,,
821,CP098797.1,p2VB280821,VB280821,ABUW_4006,,,,,,,,
821,CP098797.1,p2VB280821,VB280821,ABUW_4007,,,,,,,,
821,CP098797.1,p2VB280821,VB280821,ABUW_4094,,,,,,,,
822,CP098798.1,p3VB280821,VB280821,ABUW_4004,,,,,,,,
822,CP098798.1,p3VB280821,VB280821,ABUW_4005,,,,,,,,
822,CP098798.1,p3VB280821,VB280821,ABUW_4006,,,,,,,,
822,CP098798.1,p3VB280821,VB280821,ABUW_4007,,,,,,,,
822,CP098798.1,p3VB280821,VB280821,ABUW_4094,,,,,,,,
823,CP098799.1,p4VB280821,VB280821,ABUW_4004,,,,,,,,
823,CP098799.1,p4VB280821,VB280821,ABUW_4005,,,,,,,,
823,CP098799.1,p4VB280821,VB280821,ABUW_4006,,,,,,,,
823,CP098799.1,p4VB280821,VB280821,ABUW_4007,,,,,,,,
823,CP098799.1,p4VB280821,VB280821,ABUW_4094,,,,,,,,
824,CP099970.1,pF-1629*,F-1629,ABUW_4004,,,,,,,,
824,CP099970.1,pF-1629*,F-1629,ABUW_4005,,,,,,,,
824,CP099970.1,pF-1629*,F-1629,ABUW_4006,,,,,,,,
824,CP099970.1,pF-1629*,F-1629,ABUW_4007,,,,,,,,
824,CP099970.1,pF-1629*,F-1629,ABUW_4094,,,,,,,,
827,CP099789.1,pNCCP15995*,NCCP 15995,ABUW_4004,,,,,,,,
827,CP099789.1,pNCCP15995*,NCCP 15995,ABUW_4005,,,,,,,,
827,CP099789.1,pNCCP15995*,NCCP 15995,ABUW_4006,,,,,,,,
827,CP099789.1,pNCCP15995*,NCCP 15995,ABUW_4007,,,,,,,,
827,CP099789.1,pNCCP15995*,NCCP 15995,ABUW_4094,,,,,,,,
829,CP099792.1,p2NCCP15996*,NCCP 15996,ABUW_4004,,,,,,,,
829,CP099792.1,p2NCCP15996*,NCCP 15996,ABUW_4005,,,,,,,,
829,CP099792.1,p2NCCP15996*,NCCP 15996,ABUW_4006,,,,,,,,
829,CP099792.1,p2NCCP15996*,NCCP 15996,ABUW_4007,,,,,,,,
829,CP099792.1,p2NCCP15996*,NCCP 15996,ABUW_4094,,,,,,,,
830,CP099794.1,pNCCP16006*,NCCP 16006,ABUW_4004,,,,,,,,
830,CP099794.1,pNCCP16006*,NCCP 16006,ABUW_4005,,,,,,,,
830,CP099794.1,pNCCP16006*,NCCP 16006,ABUW_4006,,,,,,,,
830,CP099794.1,pNCCP16006*,NCCP 16006,ABUW_4007,,,,,,,,
830,CP099794.1,pNCCP16006*,NCCP 16006,ABUW_4094,,,,,,,,
831,CP099796.1,pNCCP16011*,NCCP 16011,ABUW_4004,,,,,,,,
831,CP099796.1,pNCCP16011*,NCCP 16011,ABUW_4005,,,,,,,,
831,CP099796.1,pNCCP16011*,NCCP 16011,ABUW_4006,,,,,,,,
831,CP099796.1,pNCCP16011*,NCCP 16011,ABUW_4007,,,,,,,,
831,CP099796.1,pNCCP16011*,NCCP 16011,ABUW_4094,,,,,,,,
833,CP100307.1,p2KBN10P05679*,KBN10P05679,ABUW_4004,,,,,,,,
833,CP100307.1,p2KBN10P05679*,KBN10P05679,ABUW_4005,,,,,,,,
833,CP100307.1,p2KBN10P05679*,KBN10P05679,ABUW_4006,,,,,,,,
833,CP100307.1,p2KBN10P05679*,KBN10P05679,ABUW_4007,,,,,,,,
833,CP100307.1,p2KBN10P05679*,KBN10P05679,ABUW_4094,,,,,,,,
834,CP101888.1,pCCBH31258,CCBH31258,ABUW_4004,,,,,,,,
834,CP101888.1,pCCBH31258,CCBH31258,ABUW_4005,,,,,,,,
834,CP101888.1,pCCBH31258,CCBH31258,ABUW_4006,,,,,,,,
834,CP101888.1,pCCBH31258,CCBH31258,ABUW_4007,,,,,,,,
834,CP101888.1,pCCBH31258,CCBH31258,ABUW_4094,,,,,,,,
835,CP101886.1,pCCBH31270,CCBH31270,ABUW_4004,,,,,,,,
835,CP101886.1,pCCBH31270,CCBH31270,ABUW_4005,,,,,,,,
835,CP101886.1,pCCBH31270,CCBH31270,ABUW_4006,,,,,,,,
835,CP101886.1,pCCBH31270,CCBH31270,ABUW_4007,,,,,,,,
835,CP101886.1,pCCBH31270,CCBH31270,ABUW_4094,,,,,,,,
836,MK531537.1,pMC1.2/pMC23.2,MC1/MC23,ABUW_4004,,,,,,,,
836,MK531537.1,pMC1.2/pMC23.2,MC1/MC23,ABUW_4005,,,,,,,,
836,MK531537.1,pMC1.2/pMC23.2,MC1/MC23,ABUW_4006,,,,,,,,
836,MK531537.1,pMC1.2/pMC23.2,MC1/MC23,ABUW_4007,,,,,,,,
836,MK531537.1,pMC1.2/pMC23.2,MC1/MC23,ABUW_4094,,,,,,,,
837,MN266872.1,pAC1-BRL,,ABUW_4004,,,,,,,,
837,MN266872.1,pAC1-BRL,,ABUW_4005,,,,,,,,
837,MN266872.1,pAC1-BRL,,ABUW_4006,,,,,,,,
837,MN266872.1,pAC1-BRL,,ABUW_4007,,,,,,,,
837,MN266872.1,pAC1-BRL,,ABUW_4094,,,,,,,,
838,MN266872.1,pAC1-BRL,,ABUW_4004,,,,,,,,
838,MN266872.1,pAC1-BRL,,ABUW_4005,,,,,,,,
838,MN266872.1,pAC1-BRL,,ABUW_4006,,,,,,,,
838,MN266872.1,pAC1-BRL,,ABUW_4007,,,,,,,,
838,MN266872.1,pAC1-BRL,,ABUW_4094,,,,,,,,
839,CP080453.1,pMRSN56-1,MRSN 56,ABUW_4004,,,,,,,,
839,CP080453.1,pMRSN56-1,MRSN 56,ABUW_4005,,,,,,,,
839,CP080453.1,pMRSN56-1,MRSN 56,ABUW_4006,,,,,,,,
839,CP080453.1,pMRSN56-1,MRSN 56,ABUW_4007,,,,,,,,
839,CP080453.1,pMRSN56-1,MRSN 56,ABUW_4094,,,,,,,,